Image,Confidence Animal,Confidence Behavior,Confidence Place,Confidence Time
cow_crea_loriaz1900_2018-08-06_17-09-38_r1_crop1.jpg,"[np.float32(0.2784359), np.float32(0.2679692), np.float32(0.2670614)]","[np.float32(0.26008865), np.float32(0.28033483), np.float32(0.2713982)]","[np.float32(0.27757597), np.float32(0.2652697), np.float32(0.26683515)]","[np.float32(0.2556516), np.float32(0.27859756)]"
cow_crea_loriaz1900_2018-08-10_18-45-12_r3_crop0.jpg,"[np.float32(0.2595363), np.float32(0.26045793), np.float32(0.2634257)]","[np.float32(0.26871127), np.float32(0.26215395), np.float32(0.26242548)]","[np.float32(0.2620161), np.float32(0.26252565), np.float32(0.2587203)]","[np.float32(0.26251256), np.float32(0.26456475)]"
cow_crea_loriaz1900_2018-08-10_18-45-36_r4_crop0.jpg,"[np.float32(0.25077683), np.float32(0.25654525), np.float32(0.2441854)]","[np.float32(0.24920431), np.float32(0.24545276), np.float32(0.25107142)]","[np.float32(0.24132387), np.float32(0.24779385), np.float32(0.23578374)]","[np.float32(0.23976022), np.float32(0.24064355)]"
cow_crea_loriaz1900_2018-08-10_18-52-51_r2_crop1.jpg,"[np.float32(0.2755282), np.float32(0.27182093), np.float32(0.25942558)]","[np.float32(0.2594722), np.float32(0.26736414), np.float32(0.26616043)]","[np.float32(0.2672515), np.float32(0.2616286), np.float32(0.25465792)]","[np.float32(0.25031215), np.float32(0.26184413)]"
cow_crea_loriaz1900_2018-08-10_18-57-20_r2_crop0.jpg,"[np.float32(0.26741806), np.float32(0.26788232), np.float32(0.24908298)]","[np.float32(0.25520518), np.float32(0.2616225), np.float32(0.2633457)]","[np.float32(0.25586316), np.float32(0.25622422), np.float32(0.24059948)]","[np.float32(0.24485838), np.float32(0.2512277)]"
cow_crea_loriaz1900_2018-08-10_18-58-45_r5_crop0.jpg,"[np.float32(0.28371248), np.float32(0.27192277), np.float32(0.26253957)]","[np.float32(0.25445056), np.float32(0.27510828), np.float32(0.26711512)]","[np.float32(0.2756135), np.float32(0.26304895), np.float32(0.25581)]","[np.float32(0.24577592), np.float32(0.2687831)]"
cow_crea_loriaz1900_2018-08-10_19-00-12_r1_crop0.jpg,"[np.float32(0.31464225), np.float32(0.3056683), np.float32(0.3026655)]","[np.float32(0.29312184), np.float32(0.3093855), np.float32(0.29864803)]","[np.float32(0.31649417), np.float32(0.30726048), np.float32(0.2995898)]","[np.float32(0.28853533), np.float32(0.3120128)]"
cow_crea_loriaz1900_2018-09-01_06-24-53_r1_crop3.jpg,"[np.float32(0.29645306), np.float32(0.28945553), np.float32(0.2851477)]","[np.float32(0.28185424), np.float32(0.29286537), np.float32(0.28720623)]","[np.float32(0.2927673), np.float32(0.2844607), np.float32(0.28179067)]","[np.float32(0.27585572), np.float32(0.29220626)]"
cow_crea_loriaz1900_2018-09-01_06-25-02_r2_crop2.jpg,"[np.float32(0.28119525), np.float32(0.28675097), np.float32(0.27174693)]","[np.float32(0.28089112), np.float32(0.2870039), np.float32(0.29420888)]","[np.float32(0.28182772), np.float32(0.28730005), np.float32(0.27005148)]","[np.float32(0.27736154), np.float32(0.2887681)]"
cow_crea_loriaz1900_2018-09-03_07-54-18_r1_crop0.jpg,"[np.float32(0.28098342), np.float32(0.27639708), np.float32(0.2709937)]","[np.float32(0.26893827), np.float32(0.27804154), np.float32(0.2759391)]","[np.float32(0.28009853), np.float32(0.2735088), np.float32(0.2712884)]","[np.float32(0.26561746), np.float32(0.27828017)]"
cow_crea_loriaz1900_2018-09-03_07-55-35_r2_crop0.jpg,"[np.float32(0.26353344), np.float32(0.2592717), np.float32(0.2572084)]","[np.float32(0.25593996), np.float32(0.25957045), np.float32(0.257976)]","[np.float32(0.25513703), np.float32(0.24926482), np.float32(0.25461754)]","[np.float32(0.24878824), np.float32(0.2545437)]"
cow_crea_loriaz1900_2018-09-03_09-39-05_r2_crop0.jpg,"[np.float32(0.27106768), np.float32(0.2631645), np.float32(0.26216125)]","[np.float32(0.25986296), np.float32(0.28003243), np.float32(0.27736074)]","[np.float32(0.277671), np.float32(0.26782328), np.float32(0.2744636)]","[np.float32(0.2681316), np.float32(0.28576484)]"
cow_crea_loriaz1900_2018-09-07_17-56-31_r1_crop0(1).jpg,"[np.float32(0.2923029), np.float32(0.29168057), np.float32(0.27795988)]","[np.float32(0.27939135), np.float32(0.2805524), np.float32(0.27924994)]","[np.float32(0.28131664), np.float32(0.2802583), np.float32(0.27105153)]","[np.float32(0.2704324), np.float32(0.27388114)]"
cow_crea_loriaz1900_2018-09-07_17-58-22_r14_crop0.jpg,"[np.float32(0.2723607), np.float32(0.2713074), np.float32(0.2674662)]","[np.float32(0.27061346), np.float32(0.27939808), np.float32(0.28088155)]","[np.float32(0.26963174), np.float32(0.26864508), np.float32(0.26434302)]","[np.float32(0.26472515), np.float32(0.2770901)]"
cow_crea_loriaz1900_2018-09-07_17-59-59_r9_crop0.jpg,"[np.float32(0.28355157), np.float32(0.26964113), np.float32(0.27896613)]","[np.float32(0.26829237), np.float32(0.28271306), np.float32(0.27233234)]","[np.float32(0.26995218), np.float32(0.25669947), np.float32(0.26374516)]","[np.float32(0.25454387), np.float32(0.27428174)]"
cow_crea_loriaz1900_2018-09-07_18-00-18_r4_crop1.jpg,"[np.float32(0.27640888), np.float32(0.27414417), np.float32(0.26529634)]","[np.float32(0.267818), np.float32(0.27146578), np.float32(0.27245128)]","[np.float32(0.27326787), np.float32(0.26981893), np.float32(0.2637956)]","[np.float32(0.26221198), np.float32(0.27018246)]"
cow_crea_loriaz1900_2018-09-16_15-51-13_r3_crop0.jpg,"[np.float32(0.25737998), np.float32(0.25928316), np.float32(0.24668632)]","[np.float32(0.25604486), np.float32(0.25315228), np.float32(0.25588477)]","[np.float32(0.2466602), np.float32(0.24883775), np.float32(0.24096651)]","[np.float32(0.24758676), np.float32(0.24563515)]"
cow_crea_loriaz1900_2018-09-16_15-51-17_r4_crop0.jpg,"[np.float32(0.25048906), np.float32(0.2374098), np.float32(0.2369644)]","[np.float32(0.22681189), np.float32(0.25232795), np.float32(0.24301904)]","[np.float32(0.23827195), np.float32(0.22434497), np.float32(0.22790116)]","[np.float32(0.21325687), np.float32(0.24679555)]"
cow_crea_loriaz1900_2018-09-23_18-43-59_r5_crop0.jpg,"[np.float32(0.2105502), np.float32(0.22038594), np.float32(0.2152714)]","[np.float32(0.2263383), np.float32(0.21224913), np.float32(0.22319332)]","[np.float32(0.21533184), np.float32(0.2234564), np.float32(0.2205795)]","[np.float32(0.22950554), np.float32(0.21436073)]"
cow_crea_loriaz1900_2018-09-24_07-35-36_r4_crop0.jpg,"[np.float32(0.24519992), np.float32(0.24137846), np.float32(0.24362467)]","[np.float32(0.2415837), np.float32(0.25550643), np.float32(0.25359908)]","[np.float32(0.25737047), np.float32(0.25297785), np.float32(0.25367376)]","[np.float32(0.25033367), np.float32(0.26706174)]"
cow_crea_loriaz1900_2018-09-24_07-35-37_r6_crop0.jpg,"[np.float32(0.25344092), np.float32(0.2367254), np.float32(0.25995278)]","[np.float32(0.2425627), np.float32(0.25888056), np.float32(0.24547735)]","[np.float32(0.2640695), np.float32(0.2459332), np.float32(0.26287463)]","[np.float32(0.24312955), np.float32(0.26832515)]"
cow_crea_loriaz1900_2018-09-24_07-37-48_r15_crop0.jpg,"[np.float32(0.27796122), np.float32(0.26239592), np.float32(0.26898265)]","[np.float32(0.25220478), np.float32(0.28180885), np.float32(0.2686829)]","[np.float32(0.28902274), np.float32(0.2724884), np.float32(0.27369636)]","[np.float32(0.2550401), np.float32(0.29162765)]"
cow_crea_loriaz1900_2019-08-09_18-00-33_r10_crop0.jpg,"[np.float32(0.26601413), np.float32(0.26724282), np.float32(0.26122054)]","[np.float32(0.26114744), np.float32(0.2716453), np.float32(0.2689244)]","[np.float32(0.2550664), np.float32(0.25646052), np.float32(0.24507265)]","[np.float32(0.242294), np.float32(0.2659932)]"
cow_crea_loriaz1900_2019-08-09_18-00-40_r15_crop1.jpg,"[np.float32(0.29387173), np.float32(0.2966596), np.float32(0.2837432)]","[np.float32(0.28942528), np.float32(0.28936774), np.float32(0.29218674)]","[np.float32(0.2883975), np.float32(0.29055178), np.float32(0.27713564)]","[np.float32(0.2795097), np.float32(0.28717843)]"
cow_crea_loriaz1900_2019-08-09_18-54-38_r15_crop2.jpg,"[np.float32(0.2840972), np.float32(0.2874465), np.float32(0.27781847)]","[np.float32(0.2809623), np.float32(0.2787171), np.float32(0.28009662)]","[np.float32(0.28746468), np.float32(0.29095542), np.float32(0.27919808)]","[np.float32(0.2806034), np.float32(0.28297675)]"
cow_crea_loriaz1900_2019-08-20_18-07-51_r25_crop0.jpg,"[np.float32(0.28746578), np.float32(0.28813988), np.float32(0.27589196)]","[np.float32(0.28078768), np.float32(0.28440294), np.float32(0.2851464)]","[np.float32(0.27562168), np.float32(0.27700132), np.float32(0.2669159)]","[np.float32(0.26965633), np.float32(0.27573636)]"
cow_crea_loriaz1900_2019-09-01_17-45-44_r9_crop3.jpg,"[np.float32(0.29638273), np.float32(0.2900152), np.float32(0.27959412)]","[np.float32(0.2770413), np.float32(0.288294), np.float32(0.28284347)]","[np.float32(0.2885189), np.float32(0.28114656), np.float32(0.2681758)]","[np.float32(0.2639302), np.float32(0.28268024)]"
cow_crea_loriaz1900_2019-09-01_17-46-05_r4_crop0.jpg,"[np.float32(0.28116143), np.float32(0.2646498), np.float32(0.28067085)]","[np.float32(0.266363), np.float32(0.28341913), np.float32(0.26671657)]","[np.float32(0.26649126), np.float32(0.24969342), np.float32(0.2644303)]","[np.float32(0.24930736), np.float32(0.2731777)]"
cow_crea_loriaz1900_2019-09-01_17-46-44_r26_crop2.jpg,"[np.float32(0.2655753), np.float32(0.25551504), np.float32(0.25398606)]","[np.float32(0.24851358), np.float32(0.27055705), np.float32(0.2627837)]","[np.float32(0.26460063), np.float32(0.25277513), np.float32(0.25290763)]","[np.float32(0.24378273), np.float32(0.2670659)]"
cow_crea_loriaz1900_2019-09-04_17-13-49_r10_crop1.jpg,"[np.float32(0.3002867), np.float32(0.29688185), np.float32(0.29064795)]","[np.float32(0.29022744), np.float32(0.29426178), np.float32(0.2908411)]","[np.float32(0.29295588), np.float32(0.28733584), np.float32(0.28331837)]","[np.float32(0.281265), np.float32(0.28953487)]"
cow_crea_loriaz1900_2019-09-04_17-15-28_r6_crop0.jpg,"[np.float32(0.27700385), np.float32(0.27093798), np.float32(0.2679026)]","[np.float32(0.26206908), np.float32(0.25998917), np.float32(0.25487798)]","[np.float32(0.27506408), np.float32(0.26758415), np.float32(0.26313204)]","[np.float32(0.2530918), np.float32(0.26267114)]"
cow_crea_loriaz1900_2019-09-08_16-14-33_r3_crop0.jpg,"[np.float32(0.28646034), np.float32(0.28465083), np.float32(0.26548252)]","[np.float32(0.26377645), np.float32(0.27423206), np.float32(0.27038231)]","[np.float32(0.28390756), np.float32(0.2812016), np.float32(0.2599625)]","[np.float32(0.2558739), np.float32(0.27261466)]"
cow_crea_loriaz2100Ouest_2018-09-07_17-35-59_r14_crop0.jpg,"[np.float32(0.2780712), np.float32(0.2807851), np.float32(0.27938518)]","[np.float32(0.28544134), np.float32(0.28446692), np.float32(0.29134822)]","[np.float32(0.27646497), np.float32(0.27738583), np.float32(0.27703977)]","[np.float32(0.27844137), np.float32(0.2837916)]"
cow_crea_loriaz2100Ouest_2018-09-23_08-42-53_r1_crop0.jpg,"[np.float32(0.2520807), np.float32(0.23873617), np.float32(0.251191)]","[np.float32(0.24020943), np.float32(0.2624211), np.float32(0.24971128)]","[np.float32(0.24305326), np.float32(0.22973377), np.float32(0.24261782)]","[np.float32(0.2300878), np.float32(0.25582308)]"
cow_crea_loriaz2100Ouest_2018-09-25_16-08-05_r4_crop0.jpg,"[np.float32(0.30039167), np.float32(0.27943823), np.float32(0.2927177)]","[np.float32(0.27479526), np.float32(0.29610914), np.float32(0.27694616)]","[np.float32(0.29008487), np.float32(0.26505306), np.float32(0.2806552)]","[np.float32(0.2583503), np.float32(0.28654706)]"
cow_crea_loriaz2100Ouest_2019-07-10_06-59-44_r10_crop0.jpg,"[np.float32(0.2772898), np.float32(0.26412064), np.float32(0.26906818)]","[np.float32(0.25890246), np.float32(0.27073658), np.float32(0.25874707)]","[np.float32(0.2687902), np.float32(0.25579455), np.float32(0.26421022)]","[np.float32(0.25384852), np.float32(0.26557398)]"
cow_crea_loriaz2100Ouest_2019-07-16_19-39-55_r2_crop5.jpg,"[np.float32(0.23504278), np.float32(0.22083619), np.float32(0.23602551)]","[np.float32(0.22560395), np.float32(0.23919266), np.float32(0.22628023)]","[np.float32(0.21917772), np.float32(0.20407452), np.float32(0.22394744)]","[np.float32(0.21134022), np.float32(0.22891971)]"
cow_crea_loriaz2100Ouest_2019-07-16_20-03-14_r8_crop4.jpg,"[np.float32(0.28826416), np.float32(0.2702573), np.float32(0.28770506)]","[np.float32(0.27125204), np.float32(0.28496674), np.float32(0.26693437)]","[np.float32(0.2744162), np.float32(0.25553724), np.float32(0.27607167)]","[np.float32(0.25785398), np.float32(0.27508897)]"
cow_crea_loriaz2100Ouest_2019-07-16_20-05-30_r1_crop2.jpg,"[np.float32(0.24990855), np.float32(0.23957172), np.float32(0.2509661)]","[np.float32(0.23980638), np.float32(0.24903673), np.float32(0.23713592)]","[np.float32(0.24460198), np.float32(0.23230575), np.float32(0.24782807)]","[np.float32(0.23459683), np.float32(0.24702547)]"
cow_crea_loriaz2100Ouest_2019-07-24_06-58-39_r14_crop7.jpg,"[np.float32(0.27718186), np.float32(0.26584816), np.float32(0.26675388)]","[np.float32(0.2586485), np.float32(0.2787665), np.float32(0.27090907)]","[np.float32(0.27603367), np.float32(0.26185095), np.float32(0.26891604)]","[np.float32(0.2572565), np.float32(0.27709812)]"
cow_crea_loriaz2100Ouest_2019-07-24_07-09-14_r1_crop5.jpg,"[np.float32(0.21451965), np.float32(0.20632786), np.float32(0.21557835)]","[np.float32(0.2081076), np.float32(0.2241278), np.float32(0.2142854)]","[np.float32(0.20254454), np.float32(0.19576193), np.float32(0.20939212)]","[np.float32(0.20219097), np.float32(0.21867537)]"
cow_crea_loriaz2100Ouest_2019-07-24_07-10-36_r11_crop3.jpg,"[np.float32(0.28354603), np.float32(0.26834965), np.float32(0.28347474)]","[np.float32(0.26980907), np.float32(0.2930976), np.float32(0.280914)]","[np.float32(0.2838835), np.float32(0.2664999), np.float32(0.2822921)]","[np.float32(0.26565248), np.float32(0.29048538)]"
cow_crea_loriaz2100Ouest_2019-07-24_07-12-10_r2_crop0.jpg,"[np.float32(0.27877617), np.float32(0.2619561), np.float32(0.27227825)]","[np.float32(0.2559946), np.float32(0.28298953), np.float32(0.26677686)]","[np.float32(0.27990195), np.float32(0.26124012), np.float32(0.27312085)]","[np.float32(0.25423232), np.float32(0.2839247)]"
cow_crea_loriaz2100Ouest_2019-07-24_07-13-23_r2_crop2.jpg,"[np.float32(0.26237625), np.float32(0.24971527), np.float32(0.25837335)]","[np.float32(0.24315979), np.float32(0.2579338), np.float32(0.2431995)]","[np.float32(0.2542044), np.float32(0.24016571), np.float32(0.24756175)]","[np.float32(0.23159933), np.float32(0.25296956)]"
cow_crea_loriaz2100Ouest_2019-07-24_07-14-40_r19_crop4.jpg,"[np.float32(0.2804133), np.float32(0.269039), np.float32(0.27479738)]","[np.float32(0.26604858), np.float32(0.2752565), np.float32(0.26602203)]","[np.float32(0.27151477), np.float32(0.25877124), np.float32(0.27078843)]","[np.float32(0.2584903), np.float32(0.27297252)]"
cow_crea_loriaz2100Ouest_2019-07-27_11-48-37_r3_crop2.jpg,"[np.float32(0.24268156), np.float32(0.22165434), np.float32(0.24193472)]","[np.float32(0.22286613), np.float32(0.24586824), np.float32(0.22525395)]","[np.float32(0.2358835), np.float32(0.21472126), np.float32(0.23737317)]","[np.float32(0.21654862), np.float32(0.24183181)]"
cow_crea_loriaz2100Ouest_2019-07-27_11-48-55_r6_crop1.jpg,"[np.float32(0.26887006), np.float32(0.25308457), np.float32(0.2750172)]","[np.float32(0.2622057), np.float32(0.27069166), np.float32(0.25566494)]","[np.float32(0.27053362), np.float32(0.2537027), np.float32(0.27772513)]","[np.float32(0.26244476), np.float32(0.27443653)]"
cow_crea_loriaz2100Ouest_2019-07-27_11-49-03_r3_crop7.jpg,"[np.float32(0.28860182), np.float32(0.27730152), np.float32(0.27431017)]","[np.float32(0.26348597), np.float32(0.28465822), np.float32(0.2744862)]","[np.float32(0.28921112), np.float32(0.27665263), np.float32(0.27696016)]","[np.float32(0.26230627), np.float32(0.28609782)]"
cow_crea_loriaz2100Ouest_2019-07-27_11-49-08_r4_crop4.jpg,"[np.float32(0.27899885), np.float32(0.26259318), np.float32(0.29425263)]","[np.float32(0.27910623), np.float32(0.29118723), np.float32(0.27665788)]","[np.float32(0.26945376), np.float32(0.25117528), np.float32(0.27831173)]","[np.float32(0.25932917), np.float32(0.2856287)]"
cow_crea_loriaz2100Ouest_2019-08-10_12-19-12_r6_crop5.jpg,"[np.float32(0.28437012), np.float32(0.28577477), np.float32(0.27855623)]","[np.float32(0.282472), np.float32(0.29058245), np.float32(0.2931589)]","[np.float32(0.27404946), np.float32(0.27586117), np.float32(0.26832741)]","[np.float32(0.26860076), np.float32(0.28246737)]"
cow_crea_loriaz2100Ouest_2019-08-17_16-16-17_r3_crop2.jpg,"[np.float32(0.2933556), np.float32(0.2836916), np.float32(0.29008704)]","[np.float32(0.28439873), np.float32(0.29497015), np.float32(0.28796715)]","[np.float32(0.28302598), np.float32(0.2721175), np.float32(0.28239518)]","[np.float32(0.27445704), np.float32(0.2874751)]"
cow_crea_loriaz2100Ouest_2019-08-17_16-19-50_r4_crop1.jpg,"[np.float32(0.23054534), np.float32(0.22105691), np.float32(0.23244344)]","[np.float32(0.22506644), np.float32(0.24483995), np.float32(0.23781182)]","[np.float32(0.22532482), np.float32(0.21450064), np.float32(0.23040514)]","[np.float32(0.21840492), np.float32(0.24221197)]"
cow_crea_loriaz2100Ouest_2019-08-23_07-46-42_r2_crop2.jpg,"[np.float32(0.25638327), np.float32(0.24976239), np.float32(0.25063562)]","[np.float32(0.24626139), np.float32(0.26994088), np.float32(0.26508158)]","[np.float32(0.2600037), np.float32(0.2535827), np.float32(0.26275352)]","[np.float32(0.25547284), np.float32(0.27443877)]"
cow_crea_loriaz2100Ouest_2019-08-23_07-47-50_r28_crop4.jpg,"[np.float32(0.29102895), np.float32(0.27955282), np.float32(0.27200776)]","[np.float32(0.26093552), np.float32(0.28990483), np.float32(0.28143337)]","[np.float32(0.2849611), np.float32(0.27204764), np.float32(0.26815256)]","[np.float32(0.25452855), np.float32(0.28332275)]"
cow_crea_loriaz2100Ouest_2019-08-23_07-53-26_r9_crop8.jpg,"[np.float32(0.2663414), np.float32(0.25573397), np.float32(0.26203308)]","[np.float32(0.25087303), np.float32(0.2611468), np.float32(0.25271323)]","[np.float32(0.26470715), np.float32(0.2521698), np.float32(0.2586791)]","[np.float32(0.2430112), np.float32(0.26050645)]"
cow_crea_loriaz2100Ouest_2019-08-23_07-58-34_r12_crop0.jpg,"[np.float32(0.2518716), np.float32(0.23662038), np.float32(0.25507694)]","[np.float32(0.23996386), np.float32(0.25916275), np.float32(0.24435753)]","[np.float32(0.24094883), np.float32(0.22624804), np.float32(0.24575439)]","[np.float32(0.23165576), np.float32(0.2539448)]"
cow_crea_loriaz2100Ouest_2019-08-30_16-38-30_r2_crop10.jpg,"[np.float32(0.2838773), np.float32(0.27698183), np.float32(0.27328557)]","[np.float32(0.2735368), np.float32(0.28296456), np.float32(0.2788075)]","[np.float32(0.276896), np.float32(0.26887813), np.float32(0.2681007)]","[np.float32(0.26545507), np.float32(0.2759379)]"
cow_crea_loriaz2100Ouest_2019-08-30_16-38-56_r18_crop3.jpg,"[np.float32(0.29588744), np.float32(0.28584397), np.float32(0.2908007)]","[np.float32(0.28272808), np.float32(0.2988489), np.float32(0.29121232)]","[np.float32(0.29434377), np.float32(0.28388748), np.float32(0.2920187)]","[np.float32(0.28228283), np.float32(0.299975)]"
cow_crea_loriaz2100_2018-08-28_17-36-36_r4_crop2.jpg,"[np.float32(0.28642458), np.float32(0.27536097), np.float32(0.27493942)]","[np.float32(0.26392367), np.float32(0.2816368), np.float32(0.2727494)]","[np.float32(0.28634033), np.float32(0.2751602), np.float32(0.2764443)]","[np.float32(0.26456484), np.float32(0.2837117)]"
cow_crea_loriaz2100_2018-08-28_17-37-04_r2_crop0.jpg,"[np.float32(0.26307687), np.float32(0.2513337), np.float32(0.25717163)]","[np.float32(0.24608277), np.float32(0.257813), np.float32(0.24909131)]","[np.float32(0.26159945), np.float32(0.24735731), np.float32(0.25652668)]","[np.float32(0.24049948), np.float32(0.25876254)]"
cow_crea_loriaz2300Ouest_2019-09-05_16-47-30_r1_crop1.jpg,"[np.float32(0.29013532), np.float32(0.28675395), np.float32(0.28669277)]","[np.float32(0.28409877), np.float32(0.29436952), np.float32(0.29403943)]","[np.float32(0.28443635), np.float32(0.28123856), np.float32(0.2840797)]","[np.float32(0.2794086), np.float32(0.29243302)]"
cow_crea_loriaz2300Ouest_2019-09-05_17-39-52_r5_crop1.jpg,"[np.float32(0.29061732), np.float32(0.29852125), np.float32(0.27591228)]","[np.float32(0.28726113), np.float32(0.28846335), np.float32(0.29806823)]","[np.float32(0.2877189), np.float32(0.29668468), np.float32(0.27368522)]","[np.float32(0.283394), np.float32(0.287494)]"
cow_crea_loriaz2300Ouest_2019-09-05_17-41-15_r9_crop2.jpg,"[np.float32(0.26625532), np.float32(0.25794706), np.float32(0.2615396)]","[np.float32(0.25490984), np.float32(0.26866207), np.float32(0.26231557)]","[np.float32(0.2601506), np.float32(0.25316027), np.float32(0.2505124)]","[np.float32(0.24433257), np.float32(0.26334295)]"
cow_crea_loriaz2300Ouest_2019-09-05_17-43-18_r2_crop4.jpg,"[np.float32(0.22781149), np.float32(0.23446883), np.float32(0.23650497)]","[np.float32(0.24641772), np.float32(0.23784755), np.float32(0.24544582)]","[np.float32(0.22596423), np.float32(0.2329312), np.float32(0.22713728)]","[np.float32(0.2339796), np.float32(0.23504518)]"
cow_crea_loriaz2300Ouest_2019-09-06_07-18-05_r2_crop1.jpg,"[np.float32(0.29757085), np.float32(0.28078216), np.float32(0.28779745)]","[np.float32(0.27263716), np.float32(0.2932632), np.float32(0.27704167)]","[np.float32(0.29751042), np.float32(0.27840015), np.float32(0.2872028)]","[np.float32(0.2694859), np.float32(0.29285976)]"
cow_crea_loriaz2300Ouest_2019-09-06_07-20-23_r9_crop2.jpg,"[np.float32(0.23752053), np.float32(0.23376402), np.float32(0.23146555)]","[np.float32(0.23305587), np.float32(0.24872148), np.float32(0.24745135)]","[np.float32(0.22234322), np.float32(0.21863905), np.float32(0.2183778)]","[np.float32(0.217276), np.float32(0.2359102)]"
cow_crea_loriaz2300Ouest_2019-09-06_18-17-39_r2_crop0.jpg,"[np.float32(0.22696552), np.float32(0.22474253), np.float32(0.24106035)]","[np.float32(0.24067524), np.float32(0.22910601), np.float32(0.22839233)]","[np.float32(0.23267247), np.float32(0.22862998), np.float32(0.24112833)]","[np.float32(0.23793761), np.float32(0.23414117)]"
cow_crea_loriaz2300Ouest_2019-09-07_09-54-22_r6_crop1.jpg,"[np.float32(0.2582663), np.float32(0.25649247), np.float32(0.24438848)]","[np.float32(0.24290834), np.float32(0.26244724), np.float32(0.25968522)]","[np.float32(0.24642988), np.float32(0.24536844), np.float32(0.2339921)]","[np.float32(0.23121244), np.float32(0.25614795)]"
cow_crea_loriaz2300Ouest_2019-09-11_17-20-45_r3_crop2.jpg,"[np.float32(0.28095648), np.float32(0.27524146), np.float32(0.28794906)]","[np.float32(0.28504413), np.float32(0.2827505), np.float32(0.2803071)]","[np.float32(0.2748787), np.float32(0.2675594), np.float32(0.27953452)]","[np.float32(0.27244404), np.float32(0.27788404)]"
cow_crea_loriaz2300Ouest_2019-09-11_17-25-32_r10_crop0.jpg,"[np.float32(0.24437892), np.float32(0.24949542), np.float32(0.23116535)]","[np.float32(0.23721212), np.float32(0.24636438), np.float32(0.24950491)]","[np.float32(0.23517707), np.float32(0.24013796), np.float32(0.22223587)]","[np.float32(0.22497283), np.float32(0.23902476)]"
cow_crea_loriaz2300Ouest_2019-09-11_18-27-16_r9_crop0.jpg,"[np.float32(0.28125444), np.float32(0.27932617), np.float32(0.2757769)]","[np.float32(0.27972656), np.float32(0.2778973), np.float32(0.277072)]","[np.float32(0.27855405), np.float32(0.27492294), np.float32(0.27387193)]","[np.float32(0.27395225), np.float32(0.27559018)]"
goat_crea_blaitiere1700_2018-08-07_14-10-27_r2_crop0.jpg,"[np.float32(0.22777271), np.float32(0.23269796), np.float32(0.23172201)]","[np.float32(0.23996422), np.float32(0.2711659), np.float32(0.28104025)]","[np.float32(0.22701575), np.float32(0.22921187), np.float32(0.23221138)]","[np.float32(0.2348392), np.float32(0.26729786)]"
goat_crea_blaitiere1700_2018-08-07_14-10-53_r10_crop0.jpg,"[np.float32(0.22055484), np.float32(0.2308561), np.float32(0.22239214)]","[np.float32(0.24021587), np.float32(0.24431245), np.float32(0.25693244)]","[np.float32(0.21193908), np.float32(0.22132406), np.float32(0.21329203)]","[np.float32(0.22631313), np.float32(0.23543751)]"
goat_crea_blaitiere1700_2018-08-07_14-11-06_r1_crop2.jpg,"[np.float32(0.24069634), np.float32(0.24070175), np.float32(0.23393661)]","[np.float32(0.23973182), np.float32(0.2745709), np.float32(0.2777071)]","[np.float32(0.22513142), np.float32(0.22520384), np.float32(0.22294004)]","[np.float32(0.22636026), np.float32(0.25963342)]"
goat_crea_blaitiere1700_2018-08-07_14-12-19_r1_crop0.jpg,"[np.float32(0.19332525), np.float32(0.19092989), np.float32(0.19756882)]","[np.float32(0.1930742), np.float32(0.23724964), np.float32(0.23204273)]","[np.float32(0.191606), np.float32(0.18791118), np.float32(0.19345607)]","[np.float32(0.18354465), np.float32(0.23367837)]"
goat_crea_blaitiere1700_2018-08-07_14-12-41_r12_crop0.jpg,"[np.float32(0.28657606), np.float32(0.28129393), np.float32(0.27806154)]","[np.float32(0.27728403), np.float32(0.30082464), np.float32(0.30080524)]","[np.float32(0.27928463), np.float32(0.27303326), np.float32(0.26938695)]","[np.float32(0.26647443), np.float32(0.2944892)]"
goat_crea_blaitiere1700_2018-08-07_14-12-45_r13_crop1.jpg,"[np.float32(0.25062555), np.float32(0.25022587), np.float32(0.24685827)]","[np.float32(0.251628), np.float32(0.26771384), np.float32(0.2683525)]","[np.float32(0.23680462), np.float32(0.23668304), np.float32(0.23636347)]","[np.float32(0.23884606), np.float32(0.25613406)]"
goat_crea_blaitiere1700_2018-08-07_14-13-03_r1_crop2.jpg,"[np.float32(0.23963094), np.float32(0.24402955), np.float32(0.23539641)]","[np.float32(0.24541143), np.float32(0.26733312), np.float32(0.27646297)]","[np.float32(0.22840607), np.float32(0.23155542), np.float32(0.23016673)]","[np.float32(0.23398706), np.float32(0.25801435)]"
goat_crea_blaitiere1700_2018-08-07_14-13-17_r9_crop4.jpg,"[np.float32(0.25483415), np.float32(0.2517521), np.float32(0.25443462)]","[np.float32(0.2533074), np.float32(0.29122037), np.float32(0.29443595)]","[np.float32(0.24473292), np.float32(0.23922388), np.float32(0.24877842)]","[np.float32(0.24089026), np.float32(0.28321072)]"
goat_crea_blaitiere1700_2018-08-07_14-13-58_r15_crop4.jpg,"[np.float32(0.28357708), np.float32(0.2738271), np.float32(0.27179047)]","[np.float32(0.26394027), np.float32(0.29587463), np.float32(0.28801885)]","[np.float32(0.27650854), np.float32(0.26536247), np.float32(0.26850706)]","[np.float32(0.25738725), np.float32(0.2912195)]"
goat_crea_blaitiere1700_2018-08-07_14-15-28_r2_crop5.jpg,"[np.float32(0.27080992), np.float32(0.27360675), np.float32(0.27297378)]","[np.float32(0.27893284), np.float32(0.30728108), np.float32(0.30902335)]","[np.float32(0.25455573), np.float32(0.25625813), np.float32(0.2585864)]","[np.float32(0.25886667), np.float32(0.29317647)]"
goat_crea_blaitiere1700_2018-08-07_14-15-37_r9_crop4.jpg,"[np.float32(0.2679409), np.float32(0.26483402), np.float32(0.25705922)]","[np.float32(0.25884914), np.float32(0.27907735), np.float32(0.27949825)]","[np.float32(0.2675218), np.float32(0.26439714), np.float32(0.2583304)]","[np.float32(0.2563765), np.float32(0.28046268)]"
goat_crea_blaitiere1700_2018-08-07_14-15-49_r16_crop8.jpg,"[np.float32(0.25811875), np.float32(0.2575036), np.float32(0.2494504)]","[np.float32(0.25304222), np.float32(0.26775545), np.float32(0.27021042)]","[np.float32(0.25213847), np.float32(0.25024912), np.float32(0.2463419)]","[np.float32(0.24656337), np.float32(0.2628429)]"
goat_crea_blaitiere1700_2018-08-07_14-16-02_r1_crop4.jpg,"[np.float32(0.2501395), np.float32(0.2585132), np.float32(0.24112642)]","[np.float32(0.25361234), np.float32(0.2539239), np.float32(0.26101834)]","[np.float32(0.23535895), np.float32(0.2444307), np.float32(0.2316433)]","[np.float32(0.24016032), np.float32(0.24273942)]"
goat_crea_blaitiere1700_2018-08-07_14-16-20_r11_crop6.jpg,"[np.float32(0.2333184), np.float32(0.23515153), np.float32(0.22571006)]","[np.float32(0.23207279), np.float32(0.26297823), np.float32(0.2664678)]","[np.float32(0.22247517), np.float32(0.22493887), np.float32(0.21762002)]","[np.float32(0.22065847), np.float32(0.25263384)]"
goat_crea_blaitiere1700_2018-08-23_09-18-23_r12_crop1.jpg,"[np.float32(0.20696646), np.float32(0.21299702), np.float32(0.1920668)]","[np.float32(0.2062216), np.float32(0.22437961), np.float32(0.23406073)]","[np.float32(0.19257756), np.float32(0.19971284), np.float32(0.1879042)]","[np.float32(0.19784571), np.float32(0.21443185)]"
goat_crea_blaitiere1700_2018-08-23_09-18-49_r26_crop2.jpg,"[np.float32(0.22841778), np.float32(0.23320785), np.float32(0.21760368)]","[np.float32(0.22699761), np.float32(0.2541051), np.float32(0.25907958)]","[np.float32(0.21361955), np.float32(0.22002476), np.float32(0.20858297)]","[np.float32(0.21472137), np.float32(0.24533816)]"
goat_crea_blaitiere1700_2018-08-23_09-18-58_r31_crop4.jpg,"[np.float32(0.2283071), np.float32(0.22726856), np.float32(0.2262439)]","[np.float32(0.22931163), np.float32(0.2567349), np.float32(0.2602893)]","[np.float32(0.22557577), np.float32(0.22235587), np.float32(0.22789295)]","[np.float32(0.22587976), np.float32(0.2524882)]"
goat_crea_blaitiere1700_2018-08-23_09-19-10_r4_crop2.jpg,"[np.float32(0.2699869), np.float32(0.2663164), np.float32(0.26392728)]","[np.float32(0.2616223), np.float32(0.2905689), np.float32(0.29057214)]","[np.float32(0.25788718), np.float32(0.25314635), np.float32(0.25325602)]","[np.float32(0.24640311), np.float32(0.2825277)]"
goat_crea_blaitiere1700_2018-08-23_09-19-46_r17_crop4.jpg,"[np.float32(0.2123164), np.float32(0.21264064), np.float32(0.21004634)]","[np.float32(0.21460979), np.float32(0.23601128), np.float32(0.24002069)]","[np.float32(0.19811983), np.float32(0.19948165), np.float32(0.19776587)]","[np.float32(0.19840302), np.float32(0.22552146)]"
goat_crea_blaitiere1700_2018-08-23_09-19-46_r18_crop4.jpg,"[np.float32(0.25220197), np.float32(0.2629429), np.float32(0.23013897)]","[np.float32(0.24330547), np.float32(0.25996584), np.float32(0.27270603)]","[np.float32(0.24744275), np.float32(0.25776836), np.float32(0.22730438)]","[np.float32(0.23619679), np.float32(0.2543718)]"
goat_crea_blaitiere1700_2018-08-23_09-19-50_r19_crop4.jpg,"[np.float32(0.27758908), np.float32(0.28496522), np.float32(0.27102026)]","[np.float32(0.28318042), np.float32(0.30026013), np.float32(0.3100334)]","[np.float32(0.2713177), np.float32(0.27855337), np.float32(0.27012336)]","[np.float32(0.27988648), np.float32(0.29785624)]"
goat_crea_blaitiere1700_2018-08-23_09-20-05_r4_crop4.jpg,"[np.float32(0.23673175), np.float32(0.24176899), np.float32(0.22258465)]","[np.float32(0.22930533), np.float32(0.25648838), np.float32(0.26303115)]","[np.float32(0.22742656), np.float32(0.23228997), np.float32(0.21736343)]","[np.float32(0.22062418), np.float32(0.24744561)]"
goat_crea_blaitiere1700_2018-08-23_09-20-05_r6_crop5.jpg,"[np.float32(0.2343534), np.float32(0.22580759), np.float32(0.22841452)]","[np.float32(0.22128904), np.float32(0.26984912), np.float32(0.26593822)]","[np.float32(0.22583407), np.float32(0.21650673), np.float32(0.22310594)]","[np.float32(0.2097042), np.float32(0.26108968)]"
goat_crea_blaitiere1700_2018-08-23_09-20-13_r10_crop2.jpg,"[np.float32(0.25586796), np.float32(0.2454769), np.float32(0.25030255)]","[np.float32(0.24363452), np.float32(0.26704073), np.float32(0.25732738)]","[np.float32(0.24421564), np.float32(0.23433766), np.float32(0.24032286)]","[np.float32(0.23106994), np.float32(0.2590183)]"
goat_crea_blaitiere1700_2018-08-23_09-20-31_r15_crop12.jpg,"[np.float32(0.20588069), np.float32(0.21871091), np.float32(0.20120318)]","[np.float32(0.21828295), np.float32(0.23737043), np.float32(0.25311714)]","[np.float32(0.20690678), np.float32(0.21909975), np.float32(0.20683399)]","[np.float32(0.21928443), np.float32(0.23871079)]"
goat_crea_blaitiere1700_2018-08-23_09-20-35_r17_crop9.jpg,"[np.float32(0.24940825), np.float32(0.23459387), np.float32(0.23658887)]","[np.float32(0.22137527), np.float32(0.26280755), np.float32(0.24968079)]","[np.float32(0.24120602), np.float32(0.22545034), np.float32(0.23392075)]","[np.float32(0.21512693), np.float32(0.25803563)]"
goat_crea_blaitiere1700_2018-08-23_09-20-35_r18_crop7.jpg,"[np.float32(0.21701708), np.float32(0.2217626), np.float32(0.20766817)]","[np.float32(0.21553975), np.float32(0.2431142), np.float32(0.2487009)]","[np.float32(0.20993035), np.float32(0.21604468), np.float32(0.2049927)]","[np.float32(0.20654863), np.float32(0.23733988)]"
goat_crea_blaitiere1700_2018-08-23_09-20-40_r20_crop7.jpg,"[np.float32(0.25412315), np.float32(0.2490402), np.float32(0.24132755)]","[np.float32(0.24080539), np.float32(0.25730994), np.float32(0.2540838)]","[np.float32(0.23757422), np.float32(0.23270744), np.float32(0.2313233)]","[np.float32(0.22730649), np.float32(0.24582304)]"
goat_crea_blaitiere1700_2018-08-23_09-21-00_r1_crop4.jpg,"[np.float32(0.25427034), np.float32(0.2514919), np.float32(0.257258)]","[np.float32(0.25821358), np.float32(0.27936614), np.float32(0.27738088)]","[np.float32(0.24281769), np.float32(0.2392767), np.float32(0.24310936)]","[np.float32(0.24325702), np.float32(0.2687004)]"
goat_crea_blaitiere1700_2018-08-23_09-21-16_r11_crop2.jpg,"[np.float32(0.2318093), np.float32(0.2242999), np.float32(0.22708976)]","[np.float32(0.22237557), np.float32(0.2539267), np.float32(0.24905963)]","[np.float32(0.2178617), np.float32(0.21109425), np.float32(0.21499372)]","[np.float32(0.20761564), np.float32(0.2428711)]"
goat_crea_blaitiere1700_2018-08-24_09-56-23_r1_crop0.jpg,"[np.float32(0.24561734), np.float32(0.26545176), np.float32(0.23542458)]","[np.float32(0.26093706), np.float32(0.27382043), np.float32(0.29254296)]","[np.float32(0.24304694), np.float32(0.26510274), np.float32(0.23665962)]","[np.float32(0.25995612), np.float32(0.27225164)]"
goat_crea_blaitiere1700_2018-08-24_09-56-46_r17_crop3.jpg,"[np.float32(0.24508508), np.float32(0.23979016), np.float32(0.25426686)]","[np.float32(0.25177842), np.float32(0.27037916), np.float32(0.26617336)]","[np.float32(0.23350836), np.float32(0.22698891), np.float32(0.23822835)]","[np.float32(0.23354833), np.float32(0.26084715)]"
goat_crea_blaitiere1700_2018-08-24_09-56-46_r18_crop2.jpg,"[np.float32(0.24252558), np.float32(0.24413207), np.float32(0.24968483)]","[np.float32(0.25238565), np.float32(0.27043638), np.float32(0.27396792)]","[np.float32(0.23463233), np.float32(0.23371604), np.float32(0.23463975)]","[np.float32(0.23305377), np.float32(0.26555857)]"
goat_crea_blaitiere1700_2019-07-06_16-53-17_r9_crop0.jpg,"[np.float32(0.2263001), np.float32(0.22636817), np.float32(0.22797267)]","[np.float32(0.23224613), np.float32(0.25286728), np.float32(0.2538562)]","[np.float32(0.22190484), np.float32(0.21938287), np.float32(0.22848888)]","[np.float32(0.22824045), np.float32(0.24791518)]"
goat_crea_blaitiere1700_2019-07-07_16-07-39_r1_crop5.jpg,"[np.float32(0.24438035), np.float32(0.24628884), np.float32(0.2445271)]","[np.float32(0.25116795), np.float32(0.2595097), np.float32(0.2623822)]","[np.float32(0.22983421), np.float32(0.23257713), np.float32(0.23238248)]","[np.float32(0.23909731), np.float32(0.2480948)]"
goat_crea_blaitiere1700_2019-07-07_16-07-39_r3_crop4.jpg,"[np.float32(0.26786947), np.float32(0.27156028), np.float32(0.2600918)]","[np.float32(0.2695904), np.float32(0.2838934), np.float32(0.28748202)]","[np.float32(0.26008627), np.float32(0.2633642), np.float32(0.25377667)]","[np.float32(0.2605093), np.float32(0.27613586)]"
goat_crea_blaitiere1700_2019-07-07_16-07-48_r7_crop7.jpg,"[np.float32(0.2284798), np.float32(0.23138177), np.float32(0.22373344)]","[np.float32(0.22789036), np.float32(0.25465125), np.float32(0.25451913)]","[np.float32(0.21506387), np.float32(0.21915329), np.float32(0.21101119)]","[np.float32(0.21266495), np.float32(0.2447205)]"
goat_crea_blaitiere1700_2019-07-07_16-07-52_r10_crop5.jpg,"[np.float32(0.2653162), np.float32(0.26880142), np.float32(0.25792322)]","[np.float32(0.26387072), np.float32(0.2791486), np.float32(0.28078464)]","[np.float32(0.2559187), np.float32(0.25709778), np.float32(0.25492546)]","[np.float32(0.25581935), np.float32(0.2745322)]"
goat_crea_blaitiere1700_2019-07-07_16-07-57_r14_crop6.jpg,"[np.float32(0.24059063), np.float32(0.2477151), np.float32(0.23399349)]","[np.float32(0.24368434), np.float32(0.24925219), np.float32(0.2541613)]","[np.float32(0.22637448), np.float32(0.23324749), np.float32(0.22530107)]","[np.float32(0.23089668), np.float32(0.23934755)]"
goat_crea_blaitiere1700_2019-07-07_16-07-57_r14_crop9.jpg,"[np.float32(0.22646749), np.float32(0.2508992), np.float32(0.22751844)]","[np.float32(0.2532307), np.float32(0.26975122), np.float32(0.2911059)]","[np.float32(0.22713912), np.float32(0.24926838), np.float32(0.22711045)]","[np.float32(0.24470645), np.float32(0.26918817)]"
goat_crea_blaitiere1700_2019-07-07_16-08-09_r9_crop11.jpg,"[np.float32(0.24809527), np.float32(0.23306032), np.float32(0.24115273)]","[np.float32(0.22808842), np.float32(0.2678954), np.float32(0.25643298)]","[np.float32(0.24137072), np.float32(0.22455558), np.float32(0.23956728)]","[np.float32(0.22185063), np.float32(0.26428413)]"
goat_crea_blaitiere1700_2019-07-07_16-08-09_r9_crop8.jpg,"[np.float32(0.25818202), np.float32(0.24792634), np.float32(0.25355357)]","[np.float32(0.2433629), np.float32(0.28623283), np.float32(0.2764727)]","[np.float32(0.25618047), np.float32(0.2446053), np.float32(0.24968094)]","[np.float32(0.23582432), np.float32(0.2830045)]"
goat_crea_blaitiere1700_2019-07-07_16-08-13_r11_crop5.jpg,"[np.float32(0.20726427), np.float32(0.22975045), np.float32(0.21202841)]","[np.float32(0.2386238), np.float32(0.24909031), np.float32(0.26915517)]","[np.float32(0.19396004), np.float32(0.21833758), np.float32(0.20257297)]","[np.float32(0.22670314), np.float32(0.23838508)]"
goat_crea_blaitiere1700_2019-07-07_16-08-48_r27_crop3.jpg,"[np.float32(0.22664641), np.float32(0.23715802), np.float32(0.22652014)]","[np.float32(0.2389562), np.float32(0.24697974), np.float32(0.25174063)]","[np.float32(0.21416523), np.float32(0.22522755), np.float32(0.21240848)]","[np.float32(0.22020568), np.float32(0.23795946)]"
goat_crea_blaitiere1700_2019-07-07_16-08-48_r27_crop7.jpg,"[np.float32(0.22787675), np.float32(0.23104051), np.float32(0.23700848)]","[np.float32(0.24130243), np.float32(0.2590721), np.float32(0.26081872)]","[np.float32(0.21504201), np.float32(0.21645863), np.float32(0.22525437)]","[np.float32(0.22520676), np.float32(0.24949154)]"
goat_crea_blaitiere1700_2019-07-07_16-08-52_r29_crop8.jpg,"[np.float32(0.26545313), np.float32(0.2689286), np.float32(0.2561652)]","[np.float32(0.26592067), np.float32(0.29273897), np.float32(0.29773664)]","[np.float32(0.26342115), np.float32(0.2630078), np.float32(0.25308663)]","[np.float32(0.25846043), np.float32(0.28595325)]"
goat_crea_blaitiere1700_2019-07-07_16-08-57_r33_crop5.jpg,"[np.float32(0.24178576), np.float32(0.24429442), np.float32(0.24190466)]","[np.float32(0.24825244), np.float32(0.271054), np.float32(0.27616295)]","[np.float32(0.23456645), np.float32(0.23601729), np.float32(0.23710686)]","[np.float32(0.24010633), np.float32(0.26354855)]"
goat_crea_blaitiere1700_2019-07-07_16-08-57_r33_crop8.jpg,"[np.float32(0.2641816), np.float32(0.28615984), np.float32(0.25842845)]","[np.float32(0.28093952), np.float32(0.28360462), np.float32(0.3035748)]","[np.float32(0.2535863), np.float32(0.27372915), np.float32(0.2546745)]","[np.float32(0.2707221), np.float32(0.27621335)]"
goat_crea_blaitiere1700_2019-07-09_13-05-27_r1_crop4.jpg,"[np.float32(0.2449157), np.float32(0.23855047), np.float32(0.24094552)]","[np.float32(0.23556377), np.float32(0.27571902), np.float32(0.2709624)]","[np.float32(0.23571831), np.float32(0.2295679), np.float32(0.2345584)]","[np.float32(0.22559692), np.float32(0.26877132)]"
goat_crea_blaitiere1700_2019-07-09_13-05-36_r7_crop5.jpg,"[np.float32(0.22807881), np.float32(0.22356024), np.float32(0.22156857)]","[np.float32(0.22075763), np.float32(0.2640697), np.float32(0.26314133)]","[np.float32(0.21966957), np.float32(0.21423402), np.float32(0.21748139)]","[np.float32(0.2130005), np.float32(0.25460017)]"
goat_crea_blaitiere1700_2019-07-09_13-05-40_r10_crop4.jpg,"[np.float32(0.21191676), np.float32(0.22089455), np.float32(0.20977782)]","[np.float32(0.22477819), np.float32(0.2409976), np.float32(0.25277525)]","[np.float32(0.19897197), np.float32(0.20870247), np.float32(0.2011194)]","[np.float32(0.21191137), np.float32(0.23153165)]"
goat_crea_blaitiere1700_2019-07-09_13-05-44_r14_crop5.jpg,"[np.float32(0.256059), np.float32(0.26556972), np.float32(0.24590224)]","[np.float32(0.25652635), np.float32(0.2796893), np.float32(0.28764975)]","[np.float32(0.24067113), np.float32(0.2480255), np.float32(0.23783551)]","[np.float32(0.24270491), np.float32(0.2642897)]"
goat_crea_blaitiere1700_2019-07-09_13-05-48_r16_crop3.jpg,"[np.float32(0.23490192), np.float32(0.23078942), np.float32(0.23776016)]","[np.float32(0.23669806), np.float32(0.27932882), np.float32(0.27863744)]","[np.float32(0.2256952), np.float32(0.21973535), np.float32(0.22728378)]","[np.float32(0.22072652), np.float32(0.26733768)]"
goat_crea_blaitiere1700_2019-07-09_13-05-53_r20_crop5.jpg,"[np.float32(0.23087662), np.float32(0.2259027), np.float32(0.234116)]","[np.float32(0.23229143), np.float32(0.25841138), np.float32(0.25432548)]","[np.float32(0.22891434), np.float32(0.22193336), np.float32(0.23242925)]","[np.float32(0.22570346), np.float32(0.25278664)]"
goat_crea_blaitiere1700_2019-07-09_13-05-53_r21_crop5.jpg,"[np.float32(0.24523555), np.float32(0.25011232), np.float32(0.23945022)]","[np.float32(0.2480153), np.float32(0.25933412), np.float32(0.26205328)]","[np.float32(0.23475586), np.float32(0.23881921), np.float32(0.23317173)]","[np.float32(0.23734325), np.float32(0.2513509)]"
goat_crea_blaitiere1700_2019-07-09_13-05-57_r22_crop4.jpg,"[np.float32(0.24014136), np.float32(0.23477548), np.float32(0.23656633)]","[np.float32(0.23420164), np.float32(0.26816055), np.float32(0.2648271)]","[np.float32(0.2411388), np.float32(0.23330237), np.float32(0.24026634)]","[np.float32(0.23305587), np.float32(0.26696938)]"
goat_crea_blaitiere1700_2019-07-09_13-05-57_r24_crop4.jpg,"[np.float32(0.21454649), np.float32(0.23764099), np.float32(0.20417199)]","[np.float32(0.23191491), np.float32(0.21774168), np.float32(0.23976302)]","[np.float32(0.20891145), np.float32(0.22993529), np.float32(0.20142338)]","[np.float32(0.22258715), np.float32(0.21047337)]"
goat_crea_blaitiere1700_2019-07-09_13-06-01_r1_crop0.jpg,"[np.float32(0.17012596), np.float32(0.1954642), np.float32(0.17843722)]","[np.float32(0.20629764), np.float32(0.20097093), np.float32(0.22233215)]","[np.float32(0.17155808), np.float32(0.19517913), np.float32(0.17791629)]","[np.float32(0.19758883), np.float32(0.19779694)]"
goat_crea_blaitiere1700_2019-07-09_13-06-09_r9_crop1.jpg,"[np.float32(0.23888446), np.float32(0.24174675), np.float32(0.23224774)]","[np.float32(0.23943728), np.float32(0.26090577), np.float32(0.26508668)]","[np.float32(0.23365366), np.float32(0.23583296), np.float32(0.23037943)]","[np.float32(0.23472533), np.float32(0.2545099)]"
goat_crea_blaitiere1700_2019-07-09_13-07-54_r9_crop1.jpg,"[np.float32(0.20753175), np.float32(0.21010204), np.float32(0.21098304)]","[np.float32(0.21449403), np.float32(0.25138277), np.float32(0.25327277)]","[np.float32(0.21116214), np.float32(0.21265094), np.float32(0.21928139)]","[np.float32(0.21621664), np.float32(0.25266814)]"
goat_crea_blaitiere1700_2019-07-09_13-11-00_r1_crop2.jpg,"[np.float32(0.23693949), np.float32(0.23911466), np.float32(0.22171374)]","[np.float32(0.22766358), np.float32(0.2596663), np.float32(0.26480335)]","[np.float32(0.22784427), np.float32(0.22860052), np.float32(0.21631674)]","[np.float32(0.21822704), np.float32(0.25094387)]"
goat_crea_blaitiere1700_2019-07-16_07-24-32_r3_crop0.jpg,"[np.float32(0.2351017), np.float32(0.25945753), np.float32(0.23182772)]","[np.float32(0.25879633), np.float32(0.2548595), np.float32(0.27717695)]","[np.float32(0.22783585), np.float32(0.25252557), np.float32(0.2203054)]","[np.float32(0.24595055), np.float32(0.24939409)]"
goat_crea_blaitiere1700_2019-07-16_07-27-05_r6_crop2.jpg,"[np.float32(0.22264078), np.float32(0.23131762), np.float32(0.22689101)]","[np.float32(0.2378914), np.float32(0.264686), np.float32(0.27666506)]","[np.float32(0.22223015), np.float32(0.2311473), np.float32(0.22868094)]","[np.float32(0.23549834), np.float32(0.26184264)]"
goat_crea_blaitiere1700_2019-07-16_07-27-17_r15_crop0.jpg,"[np.float32(0.25503618), np.float32(0.2630342), np.float32(0.24288777)]","[np.float32(0.25419566), np.float32(0.26329836), np.float32(0.27294087)]","[np.float32(0.24167414), np.float32(0.25179127), np.float32(0.23393936)]","[np.float32(0.24055186), np.float32(0.25579643)]"
goat_crea_blaitiere1700_2019-07-16_07-27-17_r15_crop1.jpg,"[np.float32(0.24035229), np.float32(0.2535356), np.float32(0.23553047)]","[np.float32(0.2517271), np.float32(0.27538726), np.float32(0.28984538)]","[np.float32(0.23491862), np.float32(0.2504524), np.float32(0.2313855)]","[np.float32(0.24533269), np.float32(0.2696758)]"
goat_crea_blaitiere1700_2019-07-16_07-27-45_r28_crop5.jpg,"[np.float32(0.21402639), np.float32(0.23141067), np.float32(0.21612343)]","[np.float32(0.2414512), np.float32(0.242046), np.float32(0.26046777)]","[np.float32(0.20054254), np.float32(0.2186589), np.float32(0.20626369)]","[np.float32(0.22750717), np.float32(0.23063348)]"
goat_crea_blaitiere1700_2019-07-16_07-27-49_r31_crop3.jpg,"[np.float32(0.24281445), np.float32(0.2592677), np.float32(0.23356777)]","[np.float32(0.2527212), np.float32(0.26710048), np.float32(0.28154045)]","[np.float32(0.23829025), np.float32(0.25668812), np.float32(0.22821544)]","[np.float32(0.24563178), np.float32(0.26253325)]"
goat_crea_blaitiere1700_2019-07-16_07-27-53_r35_crop2.jpg,"[np.float32(0.2400303), np.float32(0.25287366), np.float32(0.22400261)]","[np.float32(0.23732503), np.float32(0.25662702), np.float32(0.26878893)]","[np.float32(0.2360083), np.float32(0.24979138), np.float32(0.22414473)]","[np.float32(0.23209456), np.float32(0.25379527)]"
goat_crea_blaitiere1700_2019-07-16_07-28-02_r1_crop1.jpg,"[np.float32(0.24255332), np.float32(0.25130078), np.float32(0.23703463)]","[np.float32(0.24710147), np.float32(0.27394286), np.float32(0.284142)]","[np.float32(0.2436427), np.float32(0.24981198), np.float32(0.23953475)]","[np.float32(0.24329144), np.float32(0.27119872)]"
goat_crea_blaitiere1700_2019-07-16_07-28-08_r4_crop1.jpg,"[np.float32(0.25038832), np.float32(0.25703403), np.float32(0.24701652)]","[np.float32(0.25753376), np.float32(0.26529807), np.float32(0.2730721)]","[np.float32(0.23125564), np.float32(0.23829511), np.float32(0.22924244)]","[np.float32(0.23371032), np.float32(0.2512028)]"
goat_crea_blaitiere1700_2019-07-16_07-28-46_r20_crop3.jpg,"[np.float32(0.25812358), np.float32(0.26149032), np.float32(0.25409383)]","[np.float32(0.2601465), np.float32(0.28403294), np.float32(0.28975955)]","[np.float32(0.25027657), np.float32(0.25420648), np.float32(0.24741052)]","[np.float32(0.24889924), np.float32(0.2784174)]"
goat_crea_blaitiere1700_2019-07-16_07-28-54_r25_crop7.jpg,"[np.float32(0.26032), np.float32(0.24730796), np.float32(0.26185945)]","[np.float32(0.25268), np.float32(0.28545266), np.float32(0.27386853)]","[np.float32(0.25462896), np.float32(0.24026775), np.float32(0.26014584)]","[np.float32(0.24707608), np.float32(0.28151083)]"
goat_crea_blaitiere1700_2019-07-16_07-28-54_r26_crop3.jpg,"[np.float32(0.29145378), np.float32(0.28458256), np.float32(0.2806082)]","[np.float32(0.2752532), np.float32(0.30238956), np.float32(0.29731628)]","[np.float32(0.28474432), np.float32(0.27699864), np.float32(0.27135572)]","[np.float32(0.26236594), np.float32(0.29872462)]"
goat_crea_blaitiere1700_2019-07-16_07-28-58_r30_crop1.jpg,"[np.float32(0.23754025), np.float32(0.23093241), np.float32(0.23423459)]","[np.float32(0.23106623), np.float32(0.26181483), np.float32(0.25519043)]","[np.float32(0.2205373), np.float32(0.21405622), np.float32(0.22106512)]","[np.float32(0.21293667), np.float32(0.24721637)]"
goat_crea_blaitiere1700_2019-07-16_07-29-06_r4_crop6.jpg,"[np.float32(0.22930309), np.float32(0.24389075), np.float32(0.2199341)]","[np.float32(0.23891048), np.float32(0.25426242), np.float32(0.27000546)]","[np.float32(0.2207926), np.float32(0.23659894), np.float32(0.21833667)]","[np.float32(0.23345113), np.float32(0.24884914)]"
goat_crea_blaitiere1700_2019-07-16_07-29-11_r7_crop2.jpg,"[np.float32(0.26739052), np.float32(0.283192), np.float32(0.25933915)]","[np.float32(0.2809201), np.float32(0.29220825), np.float32(0.31032985)]","[np.float32(0.25602528), np.float32(0.27184734), np.float32(0.24728942)]","[np.float32(0.26413363), np.float32(0.28254956)]"
goat_crea_blaitiere1700_2019-07-16_07-29-16_r11_crop1.jpg,"[np.float32(0.24812162), np.float32(0.25060773), np.float32(0.24346209)]","[np.float32(0.24829243), np.float32(0.25366902), np.float32(0.2541315)]","[np.float32(0.23148525), np.float32(0.23482706), np.float32(0.22630678)]","[np.float32(0.22593243), np.float32(0.24233781)]"
goat_crea_blaitiere1700_2019-07-16_07-29-20_r13_crop5.jpg,"[np.float32(0.21302162), np.float32(0.22406271), np.float32(0.20306966)]","[np.float32(0.21768409), np.float32(0.22498503), np.float32(0.23622352)]","[np.float32(0.20789424), np.float32(0.22022387), np.float32(0.2009716)]","[np.float32(0.21189402), np.float32(0.2237871)]"
goat_crea_blaitiere1700_2019-07-16_07-29-26_r16_crop6.jpg,"[np.float32(0.2634222), np.float32(0.26291683), np.float32(0.25111988)]","[np.float32(0.25471386), np.float32(0.2729793), np.float32(0.27608463)]","[np.float32(0.25364834), np.float32(0.2511315), np.float32(0.24663319)]","[np.float32(0.24442026), np.float32(0.26653633)]"
goat_crea_blaitiere1700_2019-07-16_07-29-34_r22_crop6.jpg,"[np.float32(0.24485196), np.float32(0.2376886), np.float32(0.23299766)]","[np.float32(0.22833148), np.float32(0.26557255), np.float32(0.2593847)]","[np.float32(0.23415576), np.float32(0.2284246), np.float32(0.22513475)]","[np.float32(0.21817277), np.float32(0.25965407)]"
goat_crea_blaitiere1700_2019-07-16_07-31-31_r5_crop1.jpg,"[np.float32(0.23682739), np.float32(0.24221313), np.float32(0.23200074)]","[np.float32(0.23929437), np.float32(0.2597575), np.float32(0.26644945)]","[np.float32(0.22633712), np.float32(0.23232669), np.float32(0.22270705)]","[np.float32(0.22497073), np.float32(0.25176215)]"
goat_crea_blaitiere1700_2019-07-21_08-26-47_r15_crop5.jpg,"[np.float32(0.2545646), np.float32(0.25467202), np.float32(0.25164783)]","[np.float32(0.25720012), np.float32(0.28411937), np.float32(0.28779793)]","[np.float32(0.25143492), np.float32(0.25015092), np.float32(0.25447527)]","[np.float32(0.25386754), np.float32(0.28444523)]"
goat_crea_blaitiere1700_2019-07-27_07-00-24_r1_crop2.jpg,"[np.float32(0.19446765), np.float32(0.19907422), np.float32(0.20755583)]","[np.float32(0.2140103), np.float32(0.23133461), np.float32(0.23489521)]","[np.float32(0.18591382), np.float32(0.18982409), np.float32(0.2019434)]","[np.float32(0.20285997), np.float32(0.22526328)]"
goat_crea_blaitiere1700_2019-07-27_07-00-57_r13_crop2.jpg,"[np.float32(0.20335409), np.float32(0.1992806), np.float32(0.1999954)]","[np.float32(0.199024), np.float32(0.2377373), np.float32(0.23605756)]","[np.float32(0.19689734), np.float32(0.19318356), np.float32(0.20168163)]","[np.float32(0.1970326), np.float32(0.23423745)]"
goat_crea_blaitiere1900_2020-08-06_10-03-40_r20_crop8.jpg,"[np.float32(0.23873648), np.float32(0.25534114), np.float32(0.23792757)]","[np.float32(0.2597507), np.float32(0.2430885), np.float32(0.26040575)]","[np.float32(0.22091582), np.float32(0.2410034), np.float32(0.21603125)]","[np.float32(0.23554683), np.float32(0.23124084)]"
goat_crea_blaitiere1900_2020-08-06_10-04-03_r2_crop4.jpg,"[np.float32(0.2479089), np.float32(0.23259345), np.float32(0.24666393)]","[np.float32(0.23003747), np.float32(0.26015946), np.float32(0.24552356)]","[np.float32(0.23810107), np.float32(0.22294186), np.float32(0.2388035)]","[np.float32(0.22156543), np.float32(0.25744504)]"
goat_crea_blaitiere1900_2020-08-06_10-04-20_r13_crop8.jpg,"[np.float32(0.2525699), np.float32(0.26348823), np.float32(0.23860526)]","[np.float32(0.25096464), np.float32(0.25036696), np.float32(0.2608176)]","[np.float32(0.24429077), np.float32(0.25545835), np.float32(0.23673227)]","[np.float32(0.24713285), np.float32(0.24571949)]"
goat_crea_blaitiere1900_2020-08-06_10-04-55_r34_crop5.jpg,"[np.float32(0.27778083), np.float32(0.2780112), np.float32(0.28123742)]","[np.float32(0.28072405), np.float32(0.29295442), np.float32(0.2940028)]","[np.float32(0.26616424), np.float32(0.2649144), np.float32(0.26758716)]","[np.float32(0.2659579), np.float32(0.28882033)]"
goat_crea_blaitiere1900_2020-08-06_10-24-04_r2_crop3.jpg,"[np.float32(0.25944483), np.float32(0.2817871), np.float32(0.24456406)]","[np.float32(0.27022868), np.float32(0.268042), np.float32(0.2913928)]","[np.float32(0.25598046), np.float32(0.27848452), np.float32(0.24339484)]","[np.float32(0.26527917), np.float32(0.26678658)]"
goat_crea_blaitiere1900_2020-08-06_10-24-26_r9_crop1.jpg,"[np.float32(0.25239593), np.float32(0.2760389), np.float32(0.23600544)]","[np.float32(0.26079202), np.float32(0.252698), np.float32(0.27576524)]","[np.float32(0.2521575), np.float32(0.2759959), np.float32(0.23488355)]","[np.float32(0.2561338), np.float32(0.25222117)]"
goat_crea_blaitiere1900_2020-08-09_12-47-37_r6_crop1.jpg,"[np.float32(0.25886336), np.float32(0.2518446), np.float32(0.2576851)]","[np.float32(0.2507807), np.float32(0.26747733), np.float32(0.26086527)]","[np.float32(0.24338074), np.float32(0.23572381), np.float32(0.24564035)]","[np.float32(0.23805068), np.float32(0.2605601)]"
goat_crea_blaitiere1900_2020-08-09_13-12-26_r6_crop7.jpg,"[np.float32(0.23889033), np.float32(0.21958946), np.float32(0.23410779)]","[np.float32(0.21167156), np.float32(0.24246678), np.float32(0.22608474)]","[np.float32(0.23069108), np.float32(0.21135388), np.float32(0.22332677)]","[np.float32(0.19875592), np.float32(0.24057466)]"
sheep_crea_peclerey1933Nord_2018-10-01_12-26-32_r13_crop4.jpg,"[np.float32(0.22145717), np.float32(0.22126356), np.float32(0.22159304)]","[np.float32(0.22496878), np.float32(0.22430858), np.float32(0.22277401)]","[np.float32(0.21359704), np.float32(0.21423833), np.float32(0.21543607)]","[np.float32(0.21733074), np.float32(0.2184635)]"
sheep_crea_peclerey1933Nord_2018-10-01_12-26-42_r21_crop3.jpg,"[np.float32(0.2603529), np.float32(0.2578718), np.float32(0.26423636)]","[np.float32(0.26440543), np.float32(0.26848382), np.float32(0.2655215)]","[np.float32(0.2491349), np.float32(0.24724375), np.float32(0.25435808)]","[np.float32(0.2527062), np.float32(0.25997725)]"
sheep_crea_peclerey1933Nord_2018-10-01_12-28-45_r6_crop11.jpg,"[np.float32(0.26030448), np.float32(0.25650716), np.float32(0.26609552)]","[np.float32(0.2628594), np.float32(0.26615974), np.float32(0.26008588)]","[np.float32(0.2429523), np.float32(0.24112192), np.float32(0.24620199)]","[np.float32(0.2426635), np.float32(0.25639552)]"
sheep_crea_peclerey1933Nord_2018-10-01_12-30-33_r10_crop5.jpg,"[np.float32(0.2235215), np.float32(0.22337446), np.float32(0.22538015)]","[np.float32(0.22965121), np.float32(0.23195592), np.float32(0.23138623)]","[np.float32(0.22607249), np.float32(0.22466877), np.float32(0.22832105)]","[np.float32(0.22843103), np.float32(0.23013939)]"
sheep_crea_peclerey1933Nord_2018-10-01_12-41-23_r9_crop4.jpg,"[np.float32(0.26499677), np.float32(0.2602183), np.float32(0.26692235)]","[np.float32(0.26567316), np.float32(0.27054352), np.float32(0.2653474)]","[np.float32(0.25060785), np.float32(0.24662678), np.float32(0.24834237)]","[np.float32(0.24530292), np.float32(0.26136172)]"
sheep_crea_peclerey1933Nord_2018-10-01_12-42-23_r2_crop15.jpg,"[np.float32(0.2420958), np.float32(0.24769047), np.float32(0.23693946)]","[np.float32(0.24533945), np.float32(0.25144252), np.float32(0.25268006)]","[np.float32(0.23325127), np.float32(0.23927459), np.float32(0.2255145)]","[np.float32(0.23102747), np.float32(0.24151699)]"
sheep_crea_peclerey1933Nord_2018-10-01_12-42-29_r4_crop17.jpg,"[np.float32(0.26874375), np.float32(0.26161182), np.float32(0.2661445)]","[np.float32(0.26269162), np.float32(0.2746421), np.float32(0.26706293)]","[np.float32(0.2645791), np.float32(0.2589423), np.float32(0.26503432)]","[np.float32(0.2600281), np.float32(0.27532366)]"
sheep_crea_peclerey1933Nord_2018-10-01_12-42-48_r11_crop11.jpg,"[np.float32(0.2708662), np.float32(0.2715682), np.float32(0.27210104)]","[np.float32(0.2736117), np.float32(0.26997912), np.float32(0.2699975)]","[np.float32(0.25864062), np.float32(0.26132205), np.float32(0.26140478)]","[np.float32(0.2604787), np.float32(0.2655313)]"
sheep_crea_peclerey1933Nord_2018-10-01_12-42-52_r14_crop14.jpg,"[np.float32(0.23841633), np.float32(0.23642524), np.float32(0.2329152)]","[np.float32(0.23336715), np.float32(0.2502082), np.float32(0.2462143)]","[np.float32(0.22758092), np.float32(0.22732608), np.float32(0.22465654)]","[np.float32(0.22422563), np.float32(0.2415405)]"
sheep_crea_peclerey1933Nord_2018-10-01_12-43-17_r9_crop8.jpg,"[np.float32(0.24366312), np.float32(0.23074499), np.float32(0.2388435)]","[np.float32(0.22799034), np.float32(0.23735516), np.float32(0.22566262)]","[np.float32(0.23719534), np.float32(0.22400014), np.float32(0.23591015)]","[np.float32(0.22231328), np.float32(0.23485686)]"
sheep_crea_peclerey1933Nord_2018-10-01_12-44-17_r10_crop11.jpg,"[np.float32(0.22905642), np.float32(0.24376579), np.float32(0.22524738)]","[np.float32(0.24430531), np.float32(0.22596435), np.float32(0.23824964)]","[np.float32(0.2252712), np.float32(0.24181747), np.float32(0.22269814)]","[np.float32(0.23713619), np.float32(0.22550038)]"
sheep_crea_peclerey1933Nord_2018-10-01_12-44-52_r21_crop10.jpg,"[np.float32(0.2425579), np.float32(0.23787002), np.float32(0.23496062)]","[np.float32(0.22987753), np.float32(0.2510182), np.float32(0.24466985)]","[np.float32(0.22831693), np.float32(0.22555658), np.float32(0.22162448)]","[np.float32(0.21659939), np.float32(0.24133277)]"
sheep_crea_peclerey1933Nord_2018-10-01_12-45-03_r3_crop13.jpg,"[np.float32(0.261216), np.float32(0.2596461), np.float32(0.25336707)]","[np.float32(0.25180265), np.float32(0.2628808), np.float32(0.25883055)]","[np.float32(0.24530439), np.float32(0.24550237), np.float32(0.24018551)]","[np.float32(0.23906375), np.float32(0.25326726)]"
sheep_crea_peclerey1933Nord_2018-10-01_12-45-11_r8_crop15.jpg,"[np.float32(0.2646777), np.float32(0.2729411), np.float32(0.26071712)]","[np.float32(0.27406904), np.float32(0.26363033), np.float32(0.27002764)]","[np.float32(0.2616851), np.float32(0.2700565), np.float32(0.25777745)]","[np.float32(0.26673752), np.float32(0.26013413)]"
sheep_crea_peclerey1933Nord_2018-10-01_12-45-59_r19_crop23.jpg,"[np.float32(0.25153518), np.float32(0.25218657), np.float32(0.25155723)]","[np.float32(0.25469768), np.float32(0.26109365), np.float32(0.25842446)]","[np.float32(0.24153289), np.float32(0.24214795), np.float32(0.24512076)]","[np.float32(0.24647442), np.float32(0.25415865)]"
sheep_crea_peclerey1933Nord_2018-10-01_12-46-47_r21_crop7.jpg,"[np.float32(0.24884167), np.float32(0.26226595), np.float32(0.232138)]","[np.float32(0.24684766), np.float32(0.24047355), np.float32(0.25085527)]","[np.float32(0.23953594), np.float32(0.25583073), np.float32(0.22478463)]","[np.float32(0.23484817), np.float32(0.23148844)]"
sheep_crea_peclerey1933Nord_2018-10-01_12-46-56_r25_crop2.jpg,"[np.float32(0.2659055), np.float32(0.29774654), np.float32(0.25524074)]","[np.float32(0.28611755), np.float32(0.26081523), np.float32(0.2871466)]","[np.float32(0.2520229), np.float32(0.28652525), np.float32(0.2395811)]","[np.float32(0.27048114), np.float32(0.25237396)]"
sheep_crea_peclerey1933Nord_2018-10-01_12-47-06_r5_crop5.jpg,"[np.float32(0.27582434), np.float32(0.2764164), np.float32(0.2693635)]","[np.float32(0.26923215), np.float32(0.26970106), np.float32(0.26798183)]","[np.float32(0.26126367), np.float32(0.2617678), np.float32(0.2536748)]","[np.float32(0.25088212), np.float32(0.25986412)]"
sheep_crea_peclerey1933Nord_2018-10-01_12-47-24_r17_crop11.jpg,"[np.float32(0.24734753), np.float32(0.25466186), np.float32(0.23364249)]","[np.float32(0.24132381), np.float32(0.24924769), np.float32(0.25298792)]","[np.float32(0.23249988), np.float32(0.24027231), np.float32(0.22195421)]","[np.float32(0.22709092), np.float32(0.23666227)]"
sheep_crea_peclerey1933Nord_2018-10-01_12-47-33_r22_crop13.jpg,"[np.float32(0.23595053), np.float32(0.2371939), np.float32(0.22895941)]","[np.float32(0.22744906), np.float32(0.23744486), np.float32(0.23683345)]","[np.float32(0.22244264), np.float32(0.2239108), np.float32(0.2224339)]","[np.float32(0.21408942), np.float32(0.23172715)]"
sheep_crea_peclerey1933Nord_2018-10-01_12-47-44_r26_crop12.jpg,"[np.float32(0.23394556), np.float32(0.22506885), np.float32(0.22720717)]","[np.float32(0.22337908), np.float32(0.23865569), np.float32(0.23031737)]","[np.float32(0.22343494), np.float32(0.21465652), np.float32(0.22064519)]","[np.float32(0.21554975), np.float32(0.23025118)]"
sheep_crea_peclerey1933Nord_2018-10-01_12-47-48_r28_crop12.jpg,"[np.float32(0.20299172), np.float32(0.20284575), np.float32(0.20452869)]","[np.float32(0.20852077), np.float32(0.21359296), np.float32(0.21419467)]","[np.float32(0.19559643), np.float32(0.19462988), np.float32(0.20141622)]","[np.float32(0.2004497), np.float32(0.20545128)]"
sheep_crea_peclerey1933Nord_2018-10-01_12-47-53_r31_crop10.jpg,"[np.float32(0.26509175), np.float32(0.2573233), np.float32(0.2669735)]","[np.float32(0.25939628), np.float32(0.25106657), np.float32(0.24112365)]","[np.float32(0.25002712), np.float32(0.24354093), np.float32(0.25178045)]","[np.float32(0.24060862), np.float32(0.24387199)]"
sheep_crea_peclerey1933Nord_2018-10-01_12-47-58_r34_crop11.jpg,"[np.float32(0.22894645), np.float32(0.24711132), np.float32(0.22218753)]","[np.float32(0.24523708), np.float32(0.23278008), np.float32(0.24733877)]","[np.float32(0.22303371), np.float32(0.23994723), np.float32(0.22447707)]","[np.float32(0.24138963), np.float32(0.22695367)]"
sheep_crea_peclerey1933Nord_2018-10-01_12-48-56_r11_crop12.jpg,"[np.float32(0.24424028), np.float32(0.24344873), np.float32(0.22594208)]","[np.float32(0.23017555), np.float32(0.23337243), np.float32(0.23419705)]","[np.float32(0.23038219), np.float32(0.2312809), np.float32(0.21907629)]","[np.float32(0.21988542), np.float32(0.22512361)]"
sheep_crea_peclerey1933Nord_2018-10-01_12-51-18_r6_crop7.jpg,"[np.float32(0.24800318), np.float32(0.24864875), np.float32(0.2358931)]","[np.float32(0.24034528), np.float32(0.2514889), np.float32(0.25161374)]","[np.float32(0.2401304), np.float32(0.23994896), np.float32(0.23465832)]","[np.float32(0.2350287), np.float32(0.24690545)]"
sheep_crea_peclerey1933Nord_2018-10-01_12-51-42_r12_crop10.jpg,"[np.float32(0.22832264), np.float32(0.23027454), np.float32(0.21730919)]","[np.float32(0.22136801), np.float32(0.2294755), np.float32(0.23133484)]","[np.float32(0.21479489), np.float32(0.21996045), np.float32(0.21139133)]","[np.float32(0.21130455), np.float32(0.22300714)]"
sheep_crea_peclerey1933Nord_2018-10-01_12-52-10_r2_crop20.jpg,"[np.float32(0.2156072), np.float32(0.21456164), np.float32(0.20996222)]","[np.float32(0.21160293), np.float32(0.2114619), np.float32(0.20868874)]","[np.float32(0.20900205), np.float32(0.2109933), np.float32(0.20696089)]","[np.float32(0.2049718), np.float32(0.20996408)]"
sheep_crea_peclerey1933Nord_2018-10-01_12-52-23_r7_crop16.jpg,"[np.float32(0.25244784), np.float32(0.24489096), np.float32(0.24707709)]","[np.float32(0.24279653), np.float32(0.26340896), np.float32(0.25492665)]","[np.float32(0.23963863), np.float32(0.2329581), np.float32(0.2364521)]","[np.float32(0.23024267), np.float32(0.25232434)]"
sheep_crea_peclerey1933Nord_2018-10-01_12-52-33_r13_crop12.jpg,"[np.float32(0.24904647), np.float32(0.26028877), np.float32(0.24372266)]","[np.float32(0.25602984), np.float32(0.2605725), np.float32(0.2661175)]","[np.float32(0.23817737), np.float32(0.24793504), np.float32(0.23212402)]","[np.float32(0.23928335), np.float32(0.25141084)]"
sheep_crea_peclerey1933Nord_2018-10-01_13-40-31_r3_crop16.jpg,"[np.float32(0.2614507), np.float32(0.25882396), np.float32(0.26016316)]","[np.float32(0.26081294), np.float32(0.2661491), np.float32(0.26234776)]","[np.float32(0.25889313), np.float32(0.25693434), np.float32(0.2611157)]","[np.float32(0.25850517), np.float32(0.26544157)]"
sheep_crea_peclerey1933Nord_2018-10-01_14-38-59_r3_crop14.jpg,"[np.float32(0.24878317), np.float32(0.25392517), np.float32(0.23437734)]","[np.float32(0.24052604), np.float32(0.25086564), np.float32(0.25215784)]","[np.float32(0.2381256), np.float32(0.24381661), np.float32(0.22683533)]","[np.float32(0.23080198), np.float32(0.24228774)]"
sheep_crea_peclerey1933Nord_2018-10-01_14-41-50_r1_crop18.jpg,"[np.float32(0.2503609), np.float32(0.2442391), np.float32(0.24449813)]","[np.float32(0.23805457), np.float32(0.2524312), np.float32(0.24455972)]","[np.float32(0.23284954), np.float32(0.22728021), np.float32(0.23329937)]","[np.float32(0.22463119), np.float32(0.24000841)]"
sheep_crea_peclerey1933Nord_2018-10-01_15-36-01_r3_crop3.jpg,"[np.float32(0.21308336), np.float32(0.21713392), np.float32(0.20518707)]","[np.float32(0.21034656), np.float32(0.21293882), np.float32(0.21588814)]","[np.float32(0.203245), np.float32(0.20861824), np.float32(0.19847658)]","[np.float32(0.19633171), np.float32(0.20823112)]"
sheep_crea_peclerey1933Nord_2018-10-01_15-48-28_r8_crop9.jpg,"[np.float32(0.24564481), np.float32(0.23600142), np.float32(0.24254343)]","[np.float32(0.23209885), np.float32(0.25527987), np.float32(0.2423227)]","[np.float32(0.23269825), np.float32(0.22364844), np.float32(0.22982535)]","[np.float32(0.21766204), np.float32(0.2492532)]"
sheep_crea_peclerey1933Nord_2018-10-01_15-50-20_r9_crop16.jpg,"[np.float32(0.25847906), np.float32(0.25962302), np.float32(0.24561042)]","[np.float32(0.25079286), np.float32(0.26977807), np.float32(0.27090412)]","[np.float32(0.24876669), np.float32(0.25154653), np.float32(0.23906133)]","[np.float32(0.24339163), np.float32(0.26320243)]"
sheep_crea_peclerey1933Nord_2018-10-01_15-56-30_r4_crop5.jpg,"[np.float32(0.27140135), np.float32(0.2624275), np.float32(0.27136135)]","[np.float32(0.2634901), np.float32(0.275974), np.float32(0.26420662)]","[np.float32(0.25950673), np.float32(0.25019443), np.float32(0.2624275)]","[np.float32(0.25427687), np.float32(0.2692264)]"
sheep_crea_peclerey1933Nord_2018-10-01_15-56-57_r19_crop13.jpg,"[np.float32(0.25724038), np.float32(0.2532146), np.float32(0.2554417)]","[np.float32(0.2565453), np.float32(0.2495044), np.float32(0.24523526)]","[np.float32(0.24970202), np.float32(0.2467188), np.float32(0.25144982)]","[np.float32(0.24901068), np.float32(0.24750383)]"
sheep_crea_peclerey1933Nord_2018-10-01_15-57-51_r2_crop11.jpg,"[np.float32(0.26697904), np.float32(0.26388502), np.float32(0.26926565)]","[np.float32(0.26552904), np.float32(0.2648792), np.float32(0.25735673)]","[np.float32(0.26318666), np.float32(0.2601024), np.float32(0.26249546)]","[np.float32(0.25655663), np.float32(0.26417705)]"
sheep_crea_peclerey1933Nord_2018-10-01_15-59-00_r1_crop12.jpg,"[np.float32(0.25783566), np.float32(0.27003968), np.float32(0.25052118)]","[np.float32(0.26776043), np.float32(0.25215513), np.float32(0.26239035)]","[np.float32(0.24958666), np.float32(0.26282454), np.float32(0.24091198)]","[np.float32(0.2533388), np.float32(0.24356583)]"
sheep_crea_peclerey1933Nord_2018-10-01_16-01-14_r1_crop11.jpg,"[np.float32(0.23489498), np.float32(0.23761177), np.float32(0.22969878)]","[np.float32(0.23372413), np.float32(0.2410421), np.float32(0.24101001)]","[np.float32(0.22332804), np.float32(0.22701032), np.float32(0.21905863)]","[np.float32(0.22124948), np.float32(0.23203146)]"
sheep_crea_peclerey1933Nord_2018-10-01_16-02-23_r1_crop12.jpg,"[np.float32(0.24610367), np.float32(0.252267), np.float32(0.2398944)]","[np.float32(0.2486654), np.float32(0.25486034), np.float32(0.2578892)]","[np.float32(0.23187166), np.float32(0.23981585), np.float32(0.22732097)]","[np.float32(0.23496453), np.float32(0.24534675)]"
sheep_crea_peclerey1933Nord_2018-10-01_16-03-06_r5_crop13.jpg,"[np.float32(0.22439349), np.float32(0.2166865), np.float32(0.22026628)]","[np.float32(0.21353346), np.float32(0.22822274), np.float32(0.21882263)]","[np.float32(0.20987765), np.float32(0.20431879), np.float32(0.21391226)]","[np.float32(0.20448595), np.float32(0.22050798)]"
sheep_crea_peclerey1933Nord_2018-10-01_16-11-39_r3_crop9.jpg,"[np.float32(0.26624995), np.float32(0.25513175), np.float32(0.26810533)]","[np.float32(0.25740272), np.float32(0.27850324), np.float32(0.26655895)]","[np.float32(0.2519929), np.float32(0.2421747), np.float32(0.25495678)]","[np.float32(0.2437622), np.float32(0.27103055)]"
sheep_crea_peclerey1933Nord_2018-10-01_16-14-26_r1_crop13.jpg,"[np.float32(0.23754553), np.float32(0.22984028), np.float32(0.2333003)]","[np.float32(0.22613275), np.float32(0.23111515), np.float32(0.22063008)]","[np.float32(0.23041384), np.float32(0.22235742), np.float32(0.22877544)]","[np.float32(0.21663564), np.float32(0.2297865)]"
sheep_crea_peclerey1933Nord_2018-10-01_17-30-04_r3_crop8.jpg,"[np.float32(0.25705218), np.float32(0.25566754), np.float32(0.2583434)]","[np.float32(0.2605446), np.float32(0.25675762), np.float32(0.25420696)]","[np.float32(0.24212308), np.float32(0.2437827), np.float32(0.24469903)]","[np.float32(0.24387243), np.float32(0.24670416)]"
sheep_crea_peclerey2000_2017-09-15_11-08-24_r5_crop5.jpg,"[np.float32(0.25068867), np.float32(0.24966863), np.float32(0.2518671)]","[np.float32(0.25110593), np.float32(0.24079742), np.float32(0.23863827)]","[np.float32(0.23089938), np.float32(0.22997817), np.float32(0.23204929)]","[np.float32(0.22841844), np.float32(0.22859605)]"
sheep_crea_peclerey2000_2017-09-15_11-20-43_r1_crop1.jpg,"[np.float32(0.2423349), np.float32(0.2345778), np.float32(0.23380415)]","[np.float32(0.22652686), np.float32(0.23748732), np.float32(0.22987145)]","[np.float32(0.23309061), np.float32(0.22548957), np.float32(0.22125348)]","[np.float32(0.21251687), np.float32(0.23029266)]"
sheep_crea_peclerey2000_2017-09-15_11-30-17_r2_crop4.jpg,"[np.float32(0.27082995), np.float32(0.26051277), np.float32(0.27641824)]","[np.float32(0.2701512), np.float32(0.2730915), np.float32(0.26547468)]","[np.float32(0.26058698), np.float32(0.25062272), np.float32(0.26238886)]","[np.float32(0.25426972), np.float32(0.26636344)]"
sheep_crea_peclerey2000_2017-09-15_12-43-31_r5_crop0.jpg,"[np.float32(0.27109405), np.float32(0.25901914), np.float32(0.2665051)]","[np.float32(0.25333986), np.float32(0.27670458), np.float32(0.26364)]","[np.float32(0.25215098), np.float32(0.24040583), np.float32(0.24531308)]","[np.float32(0.22986956), np.float32(0.26761007)]"
sheep_crea_peclerey2000_2018-09-12_09-39-20_r15_crop0.jpg,"[np.float32(0.24256861), np.float32(0.24105635), np.float32(0.23223066)]","[np.float32(0.2338118), np.float32(0.24568656), np.float32(0.2436434)]","[np.float32(0.22776467), np.float32(0.22669691), np.float32(0.22044455)]","[np.float32(0.21817866), np.float32(0.23405218)]"
sheep_crea_peclerey2200Nord_2018-09-14_17-25-11_r6_crop1.jpg,"[np.float32(0.20882915), np.float32(0.20542951), np.float32(0.21953806)]","[np.float32(0.21759997), np.float32(0.21884134), np.float32(0.21768145)]","[np.float32(0.1964426), np.float32(0.19434799), np.float32(0.20639664)]","[np.float32(0.20137554), np.float32(0.21278147)]"
sheep_crea_peclerey2200Nord_2018-09-15_09-43-26_r9_crop2.jpg,"[np.float32(0.25132486), np.float32(0.2509784), np.float32(0.26205623)]","[np.float32(0.26427013), np.float32(0.25378704), np.float32(0.25228757)]","[np.float32(0.23357293), np.float32(0.2337818), np.float32(0.24683568)]","[np.float32(0.24785416), np.float32(0.24302171)]"
sheep_crea_peclerey2200Nord_2018-09-25_10-40-28_r5_crop2.jpg,"[np.float32(0.25412133), np.float32(0.24712363), np.float32(0.25240836)]","[np.float32(0.24761513), np.float32(0.25434113), np.float32(0.24848217)]","[np.float32(0.23916547), np.float32(0.23114726), np.float32(0.24190307)]","[np.float32(0.23357067), np.float32(0.24401778)]"
sheep_crea_peclerey2200_2018-09-15_07-44-10_r1_crop0.jpg,"[np.float32(0.2503417), np.float32(0.24110174), np.float32(0.24888389)]","[np.float32(0.24090375), np.float32(0.26623508), np.float32(0.2554508)]","[np.float32(0.2449351), np.float32(0.23473099), np.float32(0.24382453)]","[np.float32(0.23227397), np.float32(0.26138315)]"
sheep_crea_peclerey2200_2018-09-22_07-48-44_r3_crop2.jpg,"[np.float32(0.23885828), np.float32(0.22776744), np.float32(0.23822771)]","[np.float32(0.22826892), np.float32(0.23366594), np.float32(0.22101109)]","[np.float32(0.23058029), np.float32(0.21970245), np.float32(0.22943003)]","[np.float32(0.2151151), np.float32(0.22911598)]"
sheep_crea_peclerey2200_2018-09-22_11-39-47_r7_crop1.jpg,"[np.float32(0.2500229), np.float32(0.2324146), np.float32(0.24731395)]","[np.float32(0.23015234), np.float32(0.24819154), np.float32(0.22947164)]","[np.float32(0.24516702), np.float32(0.22613595), np.float32(0.2435335)]","[np.float32(0.22301951), np.float32(0.24526761)]"
sheep_crea_peclerey2200_2018-09-27_07-47-39_r3_crop2.jpg,"[np.float32(0.25003722), np.float32(0.23634195), np.float32(0.24514648)]","[np.float32(0.23401497), np.float32(0.24954455), np.float32(0.23598233)]","[np.float32(0.23908348), np.float32(0.22545908), np.float32(0.23353627)]","[np.float32(0.22232342), np.float32(0.24213536)]"
sheep_crea_peclerey2200_2018-09-27_08-45-42_r6_crop3.jpg,"[np.float32(0.24457411), np.float32(0.23340032), np.float32(0.25043976)]","[np.float32(0.23958454), np.float32(0.24879926), np.float32(0.23625122)]","[np.float32(0.2307716), np.float32(0.22126366), np.float32(0.23392683)]","[np.float32(0.22051646), np.float32(0.24251403)]"
sheep_crea_peclerey2200_2018-09-29_08-04-16_r1_crop0.jpg,"[np.float32(0.2277958), np.float32(0.22546121), np.float32(0.22836204)]","[np.float32(0.22700739), np.float32(0.23116833), np.float32(0.22952262)]","[np.float32(0.21557637), np.float32(0.21262227), np.float32(0.22523049)]","[np.float32(0.21809013), np.float32(0.22244634)]"
sheep_crea_peclerey2200_2019-09-11_08-46-41_r1_crop0.jpg,"[np.float32(0.2653292), np.float32(0.2563616), np.float32(0.25634667)]","[np.float32(0.24740869), np.float32(0.26275903), np.float32(0.25075242)]","[np.float32(0.25569692), np.float32(0.24584521), np.float32(0.24496967)]","[np.float32(0.23244365), np.float32(0.2579715)]"
sheep_crea_peclerey2200_2019-09-11_08-56-16_r2_crop2.jpg,"[np.float32(0.24051768), np.float32(0.23069103), np.float32(0.23330802)]","[np.float32(0.22207177), np.float32(0.2307387), np.float32(0.2195919)]","[np.float32(0.22193669), np.float32(0.21308826), np.float32(0.21780042)]","[np.float32(0.20175764), np.float32(0.22154067)]"
sheep_crea_peclerey2200_2019-09-11_08-56-16_r3_crop0.jpg,"[np.float32(0.27306652), np.float32(0.2581645), np.float32(0.26656628)]","[np.float32(0.24684066), np.float32(0.2793564), np.float32(0.26170787)]","[np.float32(0.25757715), np.float32(0.24204043), np.float32(0.2498275)]","[np.float32(0.22811368), np.float32(0.27256247)]"
sheep_crea_peclerey2200_2019-09-12_07-12-52_r2_crop10.jpg,"[np.float32(0.21025276), np.float32(0.2091584), np.float32(0.20880656)]","[np.float32(0.20667505), np.float32(0.19849955), np.float32(0.19456121)]","[np.float32(0.19719128), np.float32(0.19602437), np.float32(0.19858356)]","[np.float32(0.18963976), np.float32(0.19280264)]"
sheep_crea_peclerey2200_2019-09-12_07-12-57_r6_crop9.jpg,"[np.float32(0.27570546), np.float32(0.26615703), np.float32(0.2801966)]","[np.float32(0.27073133), np.float32(0.27276376), np.float32(0.25998437)]","[np.float32(0.26489043), np.float32(0.2542228), np.float32(0.2654686)]","[np.float32(0.2532292), np.float32(0.26390108)]"
sheep_crea_peclerey2200_2019-09-12_07-18-12_r2_crop3.jpg,"[np.float32(0.24895898), np.float32(0.24273345), np.float32(0.25591654)]","[np.float32(0.24726747), np.float32(0.2555893), np.float32(0.24610701)]","[np.float32(0.23697376), np.float32(0.23009373), np.float32(0.23954718)]","[np.float32(0.22949633), np.float32(0.24764614)]"
sheep_crea_peclerey2200_2019-09-13_08-15-36_r2_crop4.jpg,"[np.float32(0.24731424), np.float32(0.24021453), np.float32(0.25403464)]","[np.float32(0.24750262), np.float32(0.26625937), np.float32(0.258818)]","[np.float32(0.23238395), np.float32(0.22718775), np.float32(0.23459855)]","[np.float32(0.22690085), np.float32(0.25848636)]"
sheep_crea_peclerey2200_2019-09-13_08-17-18_r6_crop4.jpg,"[np.float32(0.19475651), np.float32(0.192969), np.float32(0.18901743)]","[np.float32(0.18834896), np.float32(0.18896013), np.float32(0.18754986)]","[np.float32(0.19087523), np.float32(0.18967423), np.float32(0.18955359)]","[np.float32(0.18270506), np.float32(0.18970357)]"
sheep_crea_peclerey2200_2019-09-19_09-37-22_r2_crop2.jpg,"[np.float32(0.28810173), np.float32(0.2686879), np.float32(0.29071364)]","[np.float32(0.26953107), np.float32(0.27636233), np.float32(0.2570355)]","[np.float32(0.2793371), np.float32(0.26063365), np.float32(0.28005633)]","[np.float32(0.25801754), np.float32(0.27560288)]"
sheep_crea_peclerey2200_2019-09-19_10-48-21_r8_crop3.jpg,"[np.float32(0.2144537), np.float32(0.20749609), np.float32(0.20361659)]","[np.float32(0.19911611), np.float32(0.20767128), np.float32(0.20013961)]","[np.float32(0.20866096), np.float32(0.20033535), np.float32(0.20203902)]","[np.float32(0.19081517), np.float32(0.20449148)]"
sheep_crea_peclerey2200_2019-09-19_10-48-40_r13_crop2.jpg,"[np.float32(0.2600272), np.float32(0.24698412), np.float32(0.2590168)]","[np.float32(0.24429108), np.float32(0.26309898), np.float32(0.24472369)]","[np.float32(0.26078495), np.float32(0.24775416), np.float32(0.25758547)]","[np.float32(0.24247435), np.float32(0.26564994)]"
sheep_crea_peclerey2200_2019-09-27_16-05-00_r1_crop2.jpg,"[np.float32(0.24647503), np.float32(0.22772494), np.float32(0.2473989)]","[np.float32(0.22795483), np.float32(0.24858217), np.float32(0.22926551)]","[np.float32(0.24065423), np.float32(0.22186917), np.float32(0.24282172)]","[np.float32(0.22086076), np.float32(0.24879137)]"
sheep_crea_peclerey2400_2018-08-10_12-00-33_r1_crop0.jpg,"[np.float32(0.24474108), np.float32(0.23873602), np.float32(0.24080214)]","[np.float32(0.23851533), np.float32(0.23810351), np.float32(0.2328817)]","[np.float32(0.23082794), np.float32(0.22513805), np.float32(0.23138715)]","[np.float32(0.22511601), np.float32(0.23086418)]"
sheep_crea_peclerey2400_2018-08-10_12-03-04_r3_crop2.jpg,"[np.float32(0.22929431), np.float32(0.24777323), np.float32(0.22790962)]","[np.float32(0.25137404), np.float32(0.2380115), np.float32(0.2539495)]","[np.float32(0.21744367), np.float32(0.23672092), np.float32(0.21524516)]","[np.float32(0.23548481), np.float32(0.22601594)]"
sheep_crea_peclerey2400_2018-08-10_12-06-10_r2_crop2.jpg,"[np.float32(0.23956588), np.float32(0.23418845), np.float32(0.23691687)]","[np.float32(0.23524977), np.float32(0.23895533), np.float32(0.23529553)]","[np.float32(0.23053086), np.float32(0.2258674), np.float32(0.2297596)]","[np.float32(0.22445825), np.float32(0.23249727)]"
sheep_crea_peclerey2400_2018-08-10_12-09-56_r4_crop2.jpg,"[np.float32(0.23784135), np.float32(0.23325144), np.float32(0.24131212)]","[np.float32(0.23938987), np.float32(0.24785033), np.float32(0.24247903)]","[np.float32(0.22907254), np.float32(0.22292536), np.float32(0.23241928)]","[np.float32(0.22570485), np.float32(0.24021205)]"
sheep_crea_peclerey2400_2018-08-10_12-28-14_r1_crop1.jpg,"[np.float32(0.247688), np.float32(0.24427521), np.float32(0.2504849)]","[np.float32(0.24873264), np.float32(0.23798552), np.float32(0.233142)]","[np.float32(0.23354064), np.float32(0.2302582), np.float32(0.23869582)]","[np.float32(0.2319306), np.float32(0.23234978)]"
sheep_crea_peclerey2400_2018-08-10_12-38-33_r5_crop1.jpg,"[np.float32(0.21337882), np.float32(0.22284535), np.float32(0.21693477)]","[np.float32(0.23173279), np.float32(0.21787986), np.float32(0.22692671)]","[np.float32(0.20378295), np.float32(0.2139108), np.float32(0.21189204)]","[np.float32(0.21974723), np.float32(0.21345249)]"
sheep_crea_peclerey2400_2018-08-10_12-40-03_r2_crop4.jpg,"[np.float32(0.22906984), np.float32(0.2400058), np.float32(0.22095656)]","[np.float32(0.23524646), np.float32(0.23052105), np.float32(0.24018942)]","[np.float32(0.22571644), np.float32(0.23665276), np.float32(0.22112633)]","[np.float32(0.23214674), np.float32(0.22703312)]"
sheep_crea_peclerey2400_2018-08-10_12-41-01_r3_crop4.jpg,"[np.float32(0.24900536), np.float32(0.23518819), np.float32(0.2367489)]","[np.float32(0.22617055), np.float32(0.23820303), np.float32(0.22755969)]","[np.float32(0.24036157), np.float32(0.22626412), np.float32(0.2329193)]","[np.float32(0.21781239), np.float32(0.23394445)]"
sheep_crea_peclerey2400_2018-08-10_12-52-33_r6_crop1.jpg,"[np.float32(0.258221), np.float32(0.26105168), np.float32(0.25559673)]","[np.float32(0.2565613), np.float32(0.25619373), np.float32(0.25704142)]","[np.float32(0.24308786), np.float32(0.24481706), np.float32(0.24499638)]","[np.float32(0.24134234), np.float32(0.24915189)]"
sheep_crea_peclerey2400_2018-08-14_18-56-35_r2_crop3.jpg,"[np.float32(0.25599664), np.float32(0.25118214), np.float32(0.25002256)]","[np.float32(0.24455018), np.float32(0.24180803), np.float32(0.23349896)]","[np.float32(0.24918139), np.float32(0.24564321), np.float32(0.23907116)]","[np.float32(0.2295954), np.float32(0.23958664)]"
sheep_crea_peclerey2400_2018-08-14_22-08-37_r3_crop2.jpg,"[np.float32(0.22934614), np.float32(0.25428373), np.float32(0.22718027)]","[np.float32(0.25589478), np.float32(0.23511815), np.float32(0.25777245)]","[np.float32(0.22683364), np.float32(0.25091282), np.float32(0.22844212)]","[np.float32(0.25327855), np.float32(0.23361239)]"
sheep_crea_peclerey2400_2018-08-14_22-11-54_r10_crop2.jpg,"[np.float32(0.24455468), np.float32(0.26925388), np.float32(0.23455217)]","[np.float32(0.26513574), np.float32(0.25386357), np.float32(0.27664626)]","[np.float32(0.24349676), np.float32(0.2674589), np.float32(0.23430182)]","[np.float32(0.26014763), np.float32(0.24863431)]"
sheep_crea_peclerey2400_2018-08-14_22-20-56_r5_crop0.jpg,"[np.float32(0.24787143), np.float32(0.26757392), np.float32(0.24156663)]","[np.float32(0.2649358), np.float32(0.24199349), np.float32(0.26075134)]","[np.float32(0.24789725), np.float32(0.26528522), np.float32(0.24167438)]","[np.float32(0.26070097), np.float32(0.23982678)]"
sheep_crea_peclerey2400_2018-08-14_22-37-07_r3_crop2.jpg,"[np.float32(0.2604775), np.float32(0.3001454), np.float32(0.2539277)]","[np.float32(0.29417607), np.float32(0.25299785), np.float32(0.28767473)]","[np.float32(0.26092556), np.float32(0.3002177), np.float32(0.2547372)]","[np.float32(0.29034254), np.float32(0.25616342)]"
sheep_crea_peclerey2400_2018-08-15_00-24-00_r1_crop0.jpg,"[np.float32(0.21251532), np.float32(0.23418391), np.float32(0.20737605)]","[np.float32(0.23234078), np.float32(0.20802931), np.float32(0.22702384)]","[np.float32(0.22201416), np.float32(0.2412872), np.float32(0.21955244)]","[np.float32(0.2386583), np.float32(0.21574214)]"
sheep_crea_peclerey2400_2018-08-15_00-26-53_r9_crop0.jpg,"[np.float32(0.22463508), np.float32(0.25525546), np.float32(0.22321126)]","[np.float32(0.25653556), np.float32(0.22140177), np.float32(0.24815919)]","[np.float32(0.23091358), np.float32(0.2606929), np.float32(0.22515564)]","[np.float32(0.25451064), np.float32(0.22757404)]"
sheep_crea_peclerey2400_2018-08-15_01-13-10_r3_crop0.jpg,"[np.float32(0.24517438), np.float32(0.27664626), np.float32(0.2391927)]","[np.float32(0.27140942), np.float32(0.23415774), np.float32(0.2595236)]","[np.float32(0.24670443), np.float32(0.27727348), np.float32(0.24027579)]","[np.float32(0.26767948), np.float32(0.23720865)]"
sheep_crea_peclerey2400_2018-08-15_01-56-12_r1_crop0.jpg,"[np.float32(0.25425753), np.float32(0.3040556), np.float32(0.2539295)]","[np.float32(0.30514586), np.float32(0.24701625), np.float32(0.29425466)]","[np.float32(0.25557718), np.float32(0.30726653), np.float32(0.25621238)]","[np.float32(0.30358475), np.float32(0.2537415)]"
sheep_crea_peclerey2400_2018-08-15_01-56-27_r4_crop0.jpg,"[np.float32(0.24562511), np.float32(0.29176888), np.float32(0.24329498)]","[np.float32(0.28970885), np.float32(0.23917462), np.float32(0.2809479)]","[np.float32(0.2477296), np.float32(0.29425126), np.float32(0.24889776)]","[np.float32(0.29067972), np.float32(0.24663016)]"
sheep_crea_peclerey2400_2018-08-18_21-56-23_r6_crop1.jpg,"[np.float32(0.23553458), np.float32(0.2781622), np.float32(0.22368835)]","[np.float32(0.26860324), np.float32(0.23596694), np.float32(0.27578738)]","[np.float32(0.22555684), np.float32(0.26931578), np.float32(0.22133477)]","[np.float32(0.26101962), np.float32(0.23213515)]"
sheep_crea_peclerey2400_2018-08-18_21-59-13_r2_crop2.jpg,"[np.float32(0.24112055), np.float32(0.28487453), np.float32(0.23627606)]","[np.float32(0.28069445), np.float32(0.23249157), np.float32(0.27332747)]","[np.float32(0.23716664), np.float32(0.28131187), np.float32(0.23373613)]","[np.float32(0.2724083), np.float32(0.23548272)]"
sheep_crea_peclerey2400_2018-08-18_21-59-13_r3_crop2.jpg,"[np.float32(0.23693995), np.float32(0.28063995), np.float32(0.23535754)]","[np.float32(0.28108892), np.float32(0.23447393), np.float32(0.2758279)]","[np.float32(0.23184243), np.float32(0.27693182), np.float32(0.22986838)]","[np.float32(0.2718911), np.float32(0.23306842)]"
sheep_crea_peclerey2400_2018-08-25_18-25-57_r6_crop1.jpg,"[np.float32(0.266967), np.float32(0.24398148), np.float32(0.27210027)]","[np.float32(0.24709263), np.float32(0.25300255), np.float32(0.22885965)]","[np.float32(0.2626149), np.float32(0.24077737), np.float32(0.2605215)]","[np.float32(0.23453274), np.float32(0.2536621)]"
sheep_crea_peclerey2400_2018-08-30_19-48-13_r1_crop0.jpg,"[np.float32(0.26109594), np.float32(0.2448072), np.float32(0.25738332)]","[np.float32(0.24070448), np.float32(0.25996196), np.float32(0.2444144)]","[np.float32(0.25172484), np.float32(0.23582326), np.float32(0.245564)]","[np.float32(0.2294722), np.float32(0.25642633)]"
sheep_crea_peclerey2400_2018-08-30_20-15-32_r2_crop6.jpg,"[np.float32(0.23251428), np.float32(0.23415229), np.float32(0.22931704)]","[np.float32(0.23612332), np.float32(0.22858559), np.float32(0.23126006)]","[np.float32(0.22729476), np.float32(0.23140797), np.float32(0.22047484)]","[np.float32(0.22608615), np.float32(0.22392906)]"
sheep_crea_peclerey2400_2018-08-30_20-16-53_r7_crop0.jpg,"[np.float32(0.229232), np.float32(0.22799362), np.float32(0.23780127)]","[np.float32(0.2419701), np.float32(0.23162042), np.float32(0.23068075)]","[np.float32(0.21677458), np.float32(0.21816428), np.float32(0.22132182)]","[np.float32(0.22648), np.float32(0.22301064)]"
sheep_crea_peclerey2400_2018-08-30_20-24-12_r1_crop3.jpg,"[np.float32(0.26810473), np.float32(0.27033556), np.float32(0.2721719)]","[np.float32(0.27243766), np.float32(0.25522345), np.float32(0.25323626)]","[np.float32(0.26088583), np.float32(0.26306137), np.float32(0.2567704)]","[np.float32(0.2538678), np.float32(0.25347406)]"
sheep_crea_peclerey2400_2018-08-30_20-24-27_r6_crop4.jpg,"[np.float32(0.22536206), np.float32(0.24580708), np.float32(0.22155672)]","[np.float32(0.24624251), np.float32(0.22502458), np.float32(0.24618594)]","[np.float32(0.22393106), np.float32(0.24585852), np.float32(0.21814495)]","[np.float32(0.24257056), np.float32(0.22295511)]"
sheep_crea_peclerey2400_2018-08-31_10-33-53_r6_crop5.jpg,"[np.float32(0.25356627), np.float32(0.24375357), np.float32(0.2586613)]","[np.float32(0.25021985), np.float32(0.24852587), np.float32(0.23908602)]","[np.float32(0.24716544), np.float32(0.23913153), np.float32(0.24697787)]","[np.float32(0.23895371), np.float32(0.24778943)]"
sheep_crea_peclerey2400_2018-08-31_10-53-00_r3_crop2.jpg,"[np.float32(0.23203626), np.float32(0.21394058), np.float32(0.23940352)]","[np.float32(0.22082698), np.float32(0.22375219), np.float32(0.20574605)]","[np.float32(0.22727434), np.float32(0.20945016), np.float32(0.23175247)]","[np.float32(0.21088862), np.float32(0.22451416)]"
sheep_crea_peclerey2400_2018-09-05_20-50-53_r3_crop0.jpg,"[np.float32(0.21935552), np.float32(0.26120493), np.float32(0.21870413)]","[np.float32(0.2618866), np.float32(0.21087758), np.float32(0.24800284)]","[np.float32(0.22388233), np.float32(0.26559538), np.float32(0.22880307)]","[np.float32(0.26552767), np.float32(0.21957798)]"
sheep_crea_peclerey2400_2018-09-06_19-46-48_r1_crop1.jpg,"[np.float32(0.24102208), np.float32(0.22866654), np.float32(0.24746192)]","[np.float32(0.23513594), np.float32(0.2604798), np.float32(0.24980235)]","[np.float32(0.22650747), np.float32(0.21480785), np.float32(0.23153435)]","[np.float32(0.22064754), np.float32(0.25317675)]"
sheep_crea_peclerey2400_2018-09-07_16-57-39_r1_crop2.jpg,"[np.float32(0.2808007), np.float32(0.2614717), np.float32(0.26858565)]","[np.float32(0.24762866), np.float32(0.27137336), np.float32(0.2506567)]","[np.float32(0.26794544), np.float32(0.24967721), np.float32(0.25801238)]","[np.float32(0.23589115), np.float32(0.26727292)]"
sheep_crea_peclerey2400_2018-09-07_16-57-39_r2_crop3.jpg,"[np.float32(0.22820902), np.float32(0.22181962), np.float32(0.2178025)]","[np.float32(0.21218294), np.float32(0.22194637), np.float32(0.2155838)]","[np.float32(0.2133181), np.float32(0.20613405), np.float32(0.20854004)]","[np.float32(0.19709373), np.float32(0.21122602)]"
sheep_crea_peclerey2400_2018-09-07_16-57-40_r3_crop1.jpg,"[np.float32(0.2266082), np.float32(0.21375237), np.float32(0.21968274)]","[np.float32(0.20756069), np.float32(0.22128205), np.float32(0.21138057)]","[np.float32(0.21421203), np.float32(0.20290607), np.float32(0.20899753)]","[np.float32(0.19329959), np.float32(0.2131538)]"
sheep_crea_peclerey2400_2018-09-07_16-59-17_r1_crop2.jpg,"[np.float32(0.26756346), np.float32(0.24232668), np.float32(0.26897696)]","[np.float32(0.24396051), np.float32(0.25228688), np.float32(0.2272813)]","[np.float32(0.25436968), np.float32(0.23041771), np.float32(0.25611293)]","[np.float32(0.22969069), np.float32(0.24699172)]"
sheep_crea_peclerey2400_2018-09-07_17-05-27_r4_crop4.jpg,"[np.float32(0.2137147), np.float32(0.20537157), np.float32(0.2067023)]","[np.float32(0.19833118), np.float32(0.206809), np.float32(0.19717775)]","[np.float32(0.2083622), np.float32(0.20151138), np.float32(0.20138171)]","[np.float32(0.18911885), np.float32(0.20682494)]"
sheep_crea_peclerey2400_2018-09-07_17-17-45_r3_crop3.jpg,"[np.float32(0.27229747), np.float32(0.25150514), np.float32(0.26279944)]","[np.float32(0.24263778), np.float32(0.25708002), np.float32(0.23702769)]","[np.float32(0.26045418), np.float32(0.23907773), np.float32(0.2559346)]","[np.float32(0.23272884), np.float32(0.2543978)]"
sheep_crea_peclerey2400_2018-09-07_17-18-13_r1_crop6.jpg,"[np.float32(0.24889868), np.float32(0.2356938), np.float32(0.23851953)]","[np.float32(0.22817126), np.float32(0.24365284), np.float32(0.23289223)]","[np.float32(0.23807226), np.float32(0.22416826), np.float32(0.23118347)]","[np.float32(0.21898983), np.float32(0.23944584)]"
sheep_crea_peclerey2400_2018-09-07_17-20-47_r4_crop3.jpg,"[np.float32(0.2199086), np.float32(0.21296248), np.float32(0.21216598)]","[np.float32(0.20677584), np.float32(0.20695493), np.float32(0.20048416)]","[np.float32(0.21007723), np.float32(0.20296632), np.float32(0.20656112)]","[np.float32(0.19472243), np.float32(0.20134577)]"
sheep_crea_peclerey2400_2018-09-07_17-27-20_r1_crop7.jpg,"[np.float32(0.25152323), np.float32(0.22708324), np.float32(0.24288711)]","[np.float32(0.21904537), np.float32(0.24998058), np.float32(0.22868976)]","[np.float32(0.23671615), np.float32(0.21092808), np.float32(0.23254596)]","[np.float32(0.20571268), np.float32(0.24166042)]"
sheep_crea_peclerey2400_2018-09-07_17-53-48_r3_crop1.jpg,"[np.float32(0.22795317), np.float32(0.23329958), np.float32(0.22245707)]","[np.float32(0.22878216), np.float32(0.22151706), np.float32(0.22618228)]","[np.float32(0.21515068), np.float32(0.22131161), np.float32(0.2174058)]","[np.float32(0.21944295), np.float32(0.21543176)]"
sheep_crea_peclerey2400_2018-09-15_06-38-58_r25_crop5.jpg,"[np.float32(0.25827014), np.float32(0.250376), np.float32(0.25514492)]","[np.float32(0.24670485), np.float32(0.26293296), np.float32(0.2519521)]","[np.float32(0.25425193), np.float32(0.24607131), np.float32(0.24983941)]","[np.float32(0.23839974), np.float32(0.26196703)]"
sheep_crea_peclerey2400_2018-09-25_07-03-20_r6_crop3.jpg,"[np.float32(0.25676128), np.float32(0.25278404), np.float32(0.25839716)]","[np.float32(0.2562272), np.float32(0.25537536), np.float32(0.25309)]","[np.float32(0.24188133), np.float32(0.23979144), np.float32(0.2436905)]","[np.float32(0.23824269), np.float32(0.24810958)]"
